Symbol,Name,Sector
BE,BLOOM ENERGY CLASS A CORP,Industrials
CRDO,CREDO TECHNOLOGY GROUP HOLDING LTD,Information Technology
FN,FABRINET,Information Technology
KTOS,KRATOS DEFENSE AND SECURITY SOLUTI,Industrials
IONQ,IONQ INC,Information Technology
NXT,NEXTRACKER INC CLASS A,Industrials
OKLO,OKLO INC CLASS A,Utilities
GH,GUARDANT HEALTH INC,Health Care
AVAV,AEROVIRONMENT INC,Industrials
STRL,STERLING INFRASTRUCTURE INC,Industrials
RGTI,RIGETTI COMPUTING INC,Information Technology
RMBS,RAMBUS INC,Information Technology
ENSG,ENSIGN GROUP INC,Health Care
SPXC,SPX TECHNOLOGIES INC,Industrials
LUMN,LUMEN TECHNOLOGIES INC,Communication
SATS,ECHOSTAR CORP CLASS A,Communication
IDCC,INTERDIGITAL INC,Information Technology
BBIO,BRIDGEBIO PHARMA INC,Health Care
QBTS,D WAVE QUANTUM INC,Information Technology
GTLS,CHART INDUSTRIES INC,Industrials
CDE,COEUR MINING INC,Materials
SANM,SANMINA CORP,Information Technology
MDGL,MADRIGAL PHARMACEUTICALS INC,Health Care
HIMS,HIMS HERS HEALTH INC CLASS A,Health Care
HQY,HEALTHEQUITY INC,Health Care
DY,DYCOM INDUSTRIES INC,Industrials
UMBF,UMB FINANCIAL CORP,Financials
XTSLA,BLK CSH FND TREASURY SL AGENCY,Cash and/or Derivatives
MOD,MODINE MANUFACTURING,Consumer Discretionary
FLR,FLUOR CORP,Industrials
CTRE,CARETRUST REIT INC,Real Estate
WTS,WATTS WATER TECHNOLOGIES INC CLASS,Industrials
AHR,AMERICAN HEALTHCARE REIT INC,Real Estate
AEIS,ADVANCED ENERGY INDUSTRIES INC,Information Technology
JBTM,JBT MAREL CORP,Industrials
ONB,OLD NATIONAL BANCORP,Financials
HL,HECLA MINING,Materials
RNA,AVIDITY BIOSCIENCES INC,Health Care
ZWS,ZURN ELKAY WATER SOLUTIONS CORP,Industrials
JXN,JACKSON FINANCIAL INC CLASS A,Financials
CYTK,CYTOKINETICS INC,Health Care
PRIM,PRIMORIS SERVICES CORP,Industrials
FSS,FEDERAL SIGNAL CORP,Industrials
JOBY,JOBY AVIATION INC CLASS A,Industrials
RIOT,RIOT PLATFORMS INC,Information Technology
TTMI,TTM TECHNOLOGIES INC,Information Technology
APLD,APPLIED DIGITAL CORP,Information Technology
ORA,ORMAT TECH INC,Utilities
MIR,MIRION TECHNOLOGIES INC CLASS A,Information Technology
CMC,COMMERCIAL METALS,Materials
FCFS,FIRSTCASH HOLDINGS INC,Financials
CORZ,CORE SCIENTIFIC INC,Information Technology
MARA,MARA HOLDINGS INC,Information Technology
CADE,CADENCE BANK,Financials
CVLT,COMMVAULT SYSTEMS INC,Information Technology
ESNT,ESSENT GROUP LTD,Financials
CIFR,CIPHER MINING INC,Information Technology
SITM,SITIME CORP,Information Technology
TRNO,TERRENO REALTY REIT CORP,Real Estate
EPRT,ESSENTIAL PROPERTIES REALTY TRUST,Real Estate
TMHC,TAYLOR MORRISON HOME CORP,Consumer Discretionary
IRTC,IRHYTHM TECHNOLOGIES INC,Health Care
PIPR,PIPER SANDLER COMPANIES,Financials
REZI,RESIDEO TECHNOLOGIES INC,Industrials
MOGA,MOOG INC CLASS A,Industrials
ESE,ESCO TECHNOLOGIES INC,Industrials
BOOT,BOOT BARN HOLDINGS INC,Consumer Discretionary
CWST,CASELLA WASTE SYSTEMS INC CLASS A,Industrials
SMTC,SEMTECH CORP,Information Technology
RHP,RYMAN HOSPITALITY PROPERTIES REIT,Real Estate
TXNM,TXNM ENERGY INC,Utilities
IBP,INSTALLED BUILDING PRODUCTS INC,Consumer Discretionary
SOUN,SOUNDHOUND AI INC CLASS A,Information Technology
UFPI,UFP INDUSTRIES INC,Industrials
UEC,URANIUM ENERGY CORP,Energy
BIPC,BROOKFIELD INFRASTRUCTURE CORP CLA,Utilities
RYTM,RHYTHM PHARMACEUTICALS INC,Health Care
GATX,GATX CORP,Industrials
AXSM,AXSOME THERAPEUTICS INC,Health Care
BMI,BADGER METER INC,Information Technology
SWX,SOUTHWEST GAS HOLDINGS INC,Utilities
RDNT,RADNET INC,Health Care
ACHR,ARCHER AVIATION INC CLASS A,Industrials
ROAD,CONSTRUCTION PARTNERS INC CLASS A,Industrials
PTCT,PTC THERAPEUTICS INC,Health Care
VLY,VALLEY NATIONAL,Financials
GBCI,GLACIER BANCORP INC,Financials
POR,PORTLAND GENERAL ELECTRIC,Utilities
SR,SPIRE INC,Utilities
HOMB,HOME BANCSHARES INC,Financials
MMSI,MERIT MEDICAL SYSTEMS INC,Health Care
LEU,CENTRUS ENERGY CORP CLASS A,Energy
UBSI,UNITED BANKSHARES INC,Financials
KRYS,KRYSTAL BIOTECH INC,Health Care
ACIW,ACI WORLDWIDE INC,Information Technology
HWC,HANCOCK WHITNEY CORP,Financials
BCPC,BALCHEM CORP,Materials
ALKS,ALKERMES,Health Care
OGS,ONE GAS INC,Utilities
KRG,KITE REALTY GROUP TRUST REIT,Real Estate
GPI,GROUP AUTOMOTIVE INC,Consumer Discretionary
TGTX,TG THERAPEUTICS INC,Health Care
FTDR,FRONTDOOR INC,Consumer Discretionary
ACA,ARCOSA INC,Industrials
ITRI,ITRON INC,Information Technology
ABCB,AMERIS BANCORP,Financials
GKOS,GLAUKOS CORP,Health Care
MMS,MAXIMUS INC,Industrials
STNE,STONECO LTD CLASS A,Financials
ENS,ENERSYS,Industrials
PCVX,VAXCYTE INC,Health Care
BKH,BLACK HILLS CORP,Utilities
CNX,CNX RESOURCES CORP,Energy
BDC,BELDEN INC,Information Technology
CRSP,CRISPR THERAPEUTICS AG,Health Care
AUB,ATLANTIC UNION BANKSHARES CORP,Financials
RDN,RADIAN GROUP INC,Financials
NPO,ENPRO INC,Industrials
NOVT,NOVANTA INC,Information Technology
EAT,BRINKER INTERNATIONAL INC,Consumer Discretionary
MTH,MERITAGE CORP,Consumer Discretionary
SIGI,SELECTIVE INSURANCE GROUP INC,Financials
ARWR,ARROWHEAD PHARMACEUTICALS INC,Health Care
PI,IMPINJ INC,Information Technology
HUT,HUT CORP,Information Technology
NJR,NEW JERSEY RESOURCES CORP,Utilities
ABG,ASBURY AUTOMOTIVE GROUP INC,Consumer Discretionary
MAC,MACERICH REIT,Real Estate
SMR,NUSCALE POWER CORP CLASS A,Industrials
CLSK,CLEANSPARK INC,Information Technology
GVA,GRANITE CONSTRUCTION INC,Industrials
BCO,BRINKS,Industrials
OSIS,OSI SYSTEMS INC,Information Technology
OPCH,OPTION CARE HEALTH INC,Health Care
PTGX,PROTAGONIST THERAPEUTICS INC,Health Care
BOX,BOX INC CLASS A,Information Technology
QLYS,QUALYS INC,Information Technology
SSRM,SSR MINING INC,Materials
HRI,HERC HOLDINGS INC,Industrials
VSAT,VIASAT INC,Information Technology
PECO,PHILLIPS EDISON AND COMPANY INC,Real Estate
STEP,STEPSTONE GROUP INC CLASS A,Financials
SBRA,SABRA HEALTH CARE REIT INC,Real Estate
AX,AXOS FINANCIAL INC,Financials
CWAN,CLEARWATER ANALYTICS HOLDINGS INC,Information Technology
WULF,TERAWULF INC,Information Technology
ASB,ASSOCIATED BANCORP,Financials
AROC,ARCHROCK INC,Energy
FFIN,FIRST FINANCIAL BANKSHARES INC,Financials
WAY,WAYSTAR HOLDING CORP,Health Care
WK,WORKIVA INC CLASS A,Information Technology
SLAB,SILICON LABORATORIES INC,Information Technology
MGY,MAGNOLIA OIL GAS CORP CLASS A,Energy
KTB,KONTOOR BRANDS INC,Consumer Discretionary
CALM,CAL MAINE FOODS INC,Consumer Staples
TMDX,TRANSMEDICS GROUP INC,Health Care
CNO,CNO FINANCIAL GROUP INC,Financials
CVCO,CAVCO INDUSTRIES INC,Consumer Discretionary
GLNG,GOLAR LNG LTD,Energy
KBH,KB HOME,Consumer Discretionary
FORM,FORMFACTOR INC,Information Technology
AGX,ARGAN INC,Industrials
MWA,MUELLER WATER PRODUCTS INC SERIES,Industrials
CNR,CORE NATURAL RESOURCES INC,Energy
RUN,SUNRUN INC,Industrials
MRCY,MERCURY SYSTEMS INC,Industrials
ALE,ALLETE INC,Utilities
VSEC,VSE CORP,Industrials
SNEX,STONEX GROUP INC,Financials
LNTH,LANTHEUS HOLDINGS INC,Health Care
TDS,TELEPHONE AND DATA SYSTEMS INC,Communication
COMP,COMPASS INC CLASS A,Real Estate
SIG,SIGNET JEWELERS LTD,Consumer Discretionary
MTSR,METSERA INC,Health Care
NUVL,NUVALENT INC CLASS A,Health Care
VRNS,VARONIS SYSTEMS INC,Information Technology
UPST,UPSTART HOLDINGS INC,Financials
INDV,INDIVIOR PLC,Health Care
CALX,CALIX NETWORKS INC,Information Technology
URBN,URBAN OUTFITTERS INC,Consumer Discretionary
CSW,CSW INDUSTRIALS INC,Industrials
SXT,SENSIENT TECHNOLOGIES CORP,Materials
SKYW,SKYWEST INC,Industrials
LAUR,LAUREATE EDUCATION INC,Consumer Discretionary
IRT,INDEPENDENCE REALTY INC TRUST,Real Estate
CRNX,CRINETICS PHARMACEUTICALS INC,Health Care
TCBI,TEXAS CAPITAL BANCSHARES INC,Financials
ATMU,ATMUS FILTRATION TECHNOLOGIES INC,Industrials
PJT,PJT PARTNERS INC CLASS A,Financials
EBC,EASTERN BANKSHARES INC,Financials
SKY,CHAMPION HOMES INC,Consumer Discretionary
MC,MOELIS CLASS A,Financials
SKT,TANGER INC,Real Estate
KNF,KNIFE RIVER CORP,Materials
AKRO,AKERO THERAPEUTICS INC,Health Care
QTWO,Q2 HOLDINGS INC,Information Technology
NWE,NORTHWESTERN ENERGY GROUP INC,Utilities
PLXS,PLEXUS CORP,Information Technology
IBOC,INTERNATIONAL BANCSHARES CORP,Financials
PFSI,PENNYMAC FINANCIAL SERVICES INC,Financials
FELE,FRANKLIN ELECTRIC INC,Industrials
VIAV,VIAVI SOLUTIONS INC,Information Technology
VRRM,VERRA MOBILITY CORP CLASS A,Industrials
SHAK,SHAKE SHACK INC CLASS A,Consumer Discretionary
NE,NOBLE CORPORATION PLC,Energy
UUUU,ENERGY FUELS INC,Energy
MUR,MURPHY OIL CORP,Energy
SLG,SL GREEN REALTY REIT CORP,Real Estate
POWL,POWELL INDUSTRIES INC,Industrials
DORM,DORMAN PRODUCTS INC,Consumer Discretionary
SFBS,SERVISFIRST BANCSHARES INC,Financials
EXPO,EXPONENT INC,Industrials
LGND,LIGAND PHARMACEUTICALS INC,Health Care
BTU,PEABODY ENERGY CORP,Energy
EOSE,EOS ENERGY ENTERPRISES INC CLASS A,Industrials
LTH,LIFE TIME GROUP HOLDINGS INC,Consumer Discretionary
MYRG,MYR GROUP INC,Industrials
PRAX,PRAXIS PRECISION MEDICINES INC,Health Care
GNW,GENWORTH FINANCIAL INC,Financials
UCB,UNITED COMMUNITY BANKS INC,Financials
IESC,IES INC,Industrials
VAL,VALARIS LTD,Energy
NHI,NATIONAL HEALTH INVESTORS REIT INC,Real Estate
MZTI,MARZETTI,Consumer Staples
BNL,BROADSTONE NET LEASE INC,Real Estate
BTSG,BRIGHTSPRING HEALTH SERVICES INC,Health Care
PATK,PATRICK INDUSTRIES INC,Consumer Discretionary
HASI,HA SUSTAINABLE INFRASTRUCTURE CAPI,Financials
PII,POLARIS INC,Consumer Discretionary
COMM,COMMSCOPE HOLDING INC,Information Technology
TENB,TENABLE HOLDINGS INC,Information Technology
KFY,KORN FERRY,Industrials
ADMA,ADMA BIOLOGICS INC,Health Care
HCC,WARRIOR MET COAL INC,Materials
PRM,PERIMETER SOLUTIONS INC,Materials
BGC,BGC GROUP INC CLASS A,Financials
FLG,FLAGSTAR BANK NATIONAL ASSOCIATION,Financials
AMBA,AMBARELLA INC,Information Technology
INDB,INDEPENDENT BANK CORP,Financials
GHC,GRAHAM HOLDINGS COMPANY CLASS B,Consumer Discretionary
OSCR,OSCAR HEALTH INC CLASS A,Financials
CBT,CABOT CORP,Materials
MHO,M I HOMES INC,Consumer Discretionary
RIG,TRANSOCEAN LTD,Energy
CDP,COPT DEFENSE PROPERTIES,Real Estate
ATGE,ADTALEM GLOBAL EDUCATION INC,Consumer Discretionary
LMND,LEMONADE INC,Financials
ANF,ABERCROMBIE AND FITCH CLASS A,Consumer Discretionary
KAI,KADANT INC,Industrials
FULT,FULTON FINANCIAL CORP,Financials
FBP,FIRST BANCORP,Financials
TGNA,TEGNA INC,Communication
MATX,MATSON INC,Industrials
RNST,RENASANT CORP,Financials
OTTR,OTTER TAIL CORP,Utilities
CRC,CALIFORNIA RESOURCES CORP,Energy
AGYS,AGILYSYS INC,Information Technology
FUL,HB FULLER,Materials
GPOR,GULFPORT ENERGY CORP,Energy
AVA,AVISTA CORP,Utilities
ZETA,ZETA GLOBAL HOLDINGS CORP CLASS A,Information Technology
SPSC,SPS COMMERCE INC,Information Technology
BKU,BANKUNITED INC,Financials
CATY,CATHAY GENERAL BANCORP,Financials
SUPN,SUPERNUS PHARMACEUTICALS INC,Health Care
PCH,POTLATCHDELTIC CORP,Real Estate
MGEE,MGE ENERGY INC,Utilities
BXMT,BLACKSTONE MORTGAGE TRUST REIT CLA,Financials
ASO,ACADEMY SPORTS AND OUTDOORS INC,Consumer Discretionary
ICUI,ICU MEDICAL INC,Health Care
TEX,TEREX CORP,Industrials
LRN,STRIDE INC,Consumer Discretionary
PLMR,PALOMAR HOLDINGS INC,Financials
WSFS,WSFS FINANCIAL CORP,Financials
KYMR,KYMERA THERAPEUTICS INC,Health Care
ACLX,ARCELLX INC,Health Care
TVTX,TRAVERE THERAPEUTICS INC,Health Care
PSMT,PRICESMART INC,Consumer Staples
AIR,AAR CORP,Industrials
CPK,CHESAPEAKE UTILITIES CORP,Utilities
PBH,PRESTIGE CONSUMER HEALTHCARE INC,Health Care
AZZ,AZZ INC,Industrials
ENVA,ENOVA INTERNATIONAL INC,Financials
PL,PLANET LABS CLASS A,Industrials
PBF,PBF ENERGY INC CLASS A,Energy
XENE,XENON PHARMACEUTICALS INC,Health Care
WHD,CACTUS INC CLASS A,Energy
LIVN,LIVANOVA PLC,Health Care
CBU,COMMUNITY FINANCIAL SYSTEM INC,Financials
NMIH,NMI HOLDINGS INC,Financials
BL,BLACKLINE INC,Information Technology
TPC,TUTOR PERINI CORP,Industrials
VC,VISTEON CORP,Consumer Discretionary
AAP,ADVANCE AUTO PARTS INC,Consumer Discretionary
AVNT,AVIENT CORP,Materials
AWR,AMERICAN STATES WATER,Utilities
MIRM,MIRUM PHARMACEUTICALS INC,Health Care
RUSHA,RUSH ENTERPRISES INC CLASS A,Industrials
TBBK,BANCORP INC,Financials
KAR,OPENLANE INC,Industrials
VCYT,VERACYTE INC,Health Care
GFF,GRIFFON CORP,Industrials
FIBK,FIRST INTERSTATE BANCSYSTEM INC,Financials
PRVA,PRIVIA HEALTH GROUP INC,Health Care
LXP,LXP INDUSTRIAL TRUST,Real Estate
RXO,RXO INC,Industrials
WSBC,WESBANCO INC,Financials
HURN,HURON CONSULTING GROUP INC,Industrials
CWT,CALIFORNIA WATER SERVICE GROUP,Utilities
CARG,CARGURUS INC CLASS A,Communication
TARS,TARSUS PHARMACEUTICALS INC,Health Care
CNK,CINEMARK HOLDINGS INC,Communication
APAM,ARTISAN PARTNERS ASSET MANAGEMENT,Financials
NSIT,INSIGHT ENTERPRISES INC,Information Technology
VCTR,VICTORY CAPITAL HOLDINGS CLASS A I,Financials
NMRK,NEWMARK GROUP INC CLASS A,Real Estate
PLUG,PLUG POWER INC,Industrials
SXI,STANDEX INTERNATIONAL CORP,Industrials
XMTR,XOMETRY INC CLASS A,Industrials
ACAD,ACADIA PHARMACEUTICALS INC,Health Care
DAN,DANA INCORPORATED INC,Consumer Discretionary
RELY,REMITLY GLOBAL INC,Financials
TPH,TRI POINTE HOMES INC,Consumer Discretionary
CBZ,CBIZ INC,Industrials
STNG,SCORPIO TANKERS INC,Energy
NATL,NCR ATLEOS CORP,Financials
LBRT,LIBERTY ENERGY INC CLASS A,Energy
BCC,BOISE CASCADE,Industrials
ABM,ABM INDUSTRIES INC,Industrials
PTON,PELOTON INTERACTIVE CLASS A INC,Consumer Discretionary
DOCN,DIGITALOCEAN HOLDINGS INC,Information Technology
SLNO,SOLENO THERAPEUTICS INC,Health Care
WDFC,WD-40,Consumer Staples
RRR,RED ROCK RESORTS ORS CLASS A INC,Consumer Discretionary
AKR,ACADIA REALTY TRUST REIT,Real Estate
AEO,AMERICAN EAGLE OUTFITTERS INC,Consumer Discretionary
WD,WALKER & DUNLOP INC,Financials
LCII,LCI INDUSTRIES,Consumer Discretionary
WGS,GENEDX HOLDINGS CORP CLASS A,Health Care
MGRC,MCGRATH RENT,Industrials
SYNA,SYNAPTICS INC,Information Technology
ACLS,AXCELIS TECHNOLOGIES INC,Information Technology
REVG,REV GROUP INC,Industrials
YOU,CLEAR SECURE INC CLASS A,Information Technology
SBCF,SEACOAST BANKING OF FLORIDA,Financials
ARQT,ARCUTIS BIOTHERAPEUTICS INC,Health Care
APLE,APPLE HOSPITALITY REIT INC,Real Estate
BOH,BANK OF HAWAII CORP,Financials
ADPT,ADAPTIVE BIOTECHNOLOGIES CORP,Health Care
HP,HELMERICH & PAYNE INC,Energy
GRAL,GRAIL INC,Health Care
HWKN,HAWKINS INC,Materials
TDW,TIDEWATER INC,Energy
OUT,OUTFRONT MEDIA INC,Real Estate
FOLD,AMICUS THERAPEUTICS INC,Health Care
ALHC,ALIGNMENT HEALTHCARE INC,Health Care
SFNC,SIMMONS FIRST NATIONAL CORP CLASS,Financials
UE,URBAN EDGE PROPERTIES,Real Estate
CPRX,CATALYST PHARMACEUTICALS INC,Health Care
AMSC,AMERICAN SUPERCONDUCTOR CORP,Industrials
CVBF,CVB FINANCIAL CORP,Financials
GENI,GENIUS SPORTS LTD,Consumer Discretionary
VSCO,VICTORIA S SECRET,Consumer Discretionary
KGS,KODIAK GAS SERVICES INC,Energy
HAE,HAEMONETICS CORP,Health Care
IDYA,IDEAYA BIOSCIENCES INC,Health Care
CPRI,CAPRI HOLDINGS LTD,Consumer Discretionary
FCPT,FOUR CORNERS PROPERTY INC TRUST,Real Estate
WAFD,WAFD INC,Financials
BLKB,BLACKBAUD INC,Information Technology
TOWN,TOWNEBANK,Financials
ITGR,INTEGER HOLDINGS CORP,Health Care
HGV,HILTON GRAND VACATIONS INC,Consumer Discretionary
SHOO,STEVEN MADDEN LTD,Consumer Discretionary
GSAT,GLOBALSTAR VOTING INC,Communication
EXTR,EXTREME NETWORKS INC,Information Technology
DYN,DYNE THERAPEUTICS INC,Health Care
MGNI,MAGNITE INC,Communication
DIOD,DIODES INC,Information Technology
NG,NOVAGOLD RESOURCES INC,Materials
PINC,PREMIER INC CLASS A,Health Care
ALRM,ALARM.COM HOLDINGS INC,Information Technology
GTX,GARRETT MOTION INC,Consumer Discretionary
MTRN,MATERION CORP,Materials
ATKR,ATKORE INC,Industrials
DK,DELEK US HOLDINGS INC,Energy
UNF,UNIFIRST CORP,Industrials
CURB,CURBLINE PROPERTIES,Real Estate
BANF,BANCFIRST CORP,Financials
JOE,ST JOE,Real Estate
SRRK,SCHOLAR ROCK HOLDING CORP,Health Care
HBI,HANESBRANDS INC,Consumer Discretionary
CSTM,CONSTELLIUM SE CLASS A,Materials
FBK,FB FINANCIAL CORP,Financials
CHEF,CHEFS WAREHOUSE INC,Consumer Staples
FFBC,FIRST FINANCIAL BANCORP,Financials
PFS,PROVIDENT FINANCIAL SERVICES INC,Financials
ATEC,ALPHATEC HOLDNGS INC,Health Care
AGIO,AGIOS PHARMACEUTICALS INC,Health Care
CON,CONCENTRA GROUP HOLDINGS PARENT IN,Health Care
PRK,PARK NATIONAL CORP,Financials
GEO,GEO GROUP INC,Industrials
CSGS,CSG SYSTEMS INTERNATIONAL INC,Industrials
HI,HILLENBRAND INC,Industrials
CAKE,CHEESECAKE FACTORY INC,Consumer Discretionary
IVT,INVENTRUST PROPERTIES CORP,Real Estate
UNFI,UNITED NATURAL FOODS INC,Consumer Staples
POWI,POWER INTEGRATIONS INC,Information Technology
CRVL,CORVEL CORP,Health Care
CWK,CUSHMAN AND WAKEFIELD PLC,Real Estate
FRSH,FRESHWORKS INC CLASS A,Information Technology
CGON,CG ONCOLOGY INC,Health Care
DAVE,DAVE INC CLASS A,Financials
UPWK,UPWORK INC,Industrials
OII,OCEANEERING INTERNATIONAL INC,Energy
EPAC,ENERPAC TOOL GROUP CORP CLASS A,Industrials
MCY,MERCURY GENERAL CORP,Financials
TRMK,TRUSTMARK CORP,Financials
BEAM,BEAM THERAPEUTICS INC,Health Care
BRZE,BRAZE INC CLASS A,Information Technology
SM,SM ENERGY,Energy
CELC,CELCUITY INC,Health Care
BANC,BANC OF CALIFORNIA INC,Financials
OSW,ONESPAWORLD HOLDINGS LTD,Consumer Discretionary
HUBG,HUB GROUP INC CLASS A,Industrials
TRN,TRINITY INDUSTRIES INC,Industrials
HCI,HCI GROUP INC,Financials
PTEN,PATTERSON UTI ENERGY INC,Energy
BKD,BROOKDALE SENIOR LIVING INC,Health Care
INTA,INTAPP INC,Information Technology
FRME,FIRST MERCHANTS CORP,Financials
GOLF,ACUSHNET HOLDINGS CORP,Consumer Discretionary
NBTB,NBT BANCORP INC,Financials
BBT,BEACON FINANCIAL CORP,Financials
NOG,NORTHERN OIL AND GAS INC,Energy
PARR,PAR PACIFIC HOLDINGS INC,Energy
VICR,VICOR CORP,Industrials
INOD,INNODATA INC,Industrials
BANR,BANNER CORP,Financials
DBRG,DIGITALBRIDGE GROUP INC CLASS A,Financials
LC,LENDINGCLUB CORP,Financials
ADNT,ADIENT PLC,Consumer Discretionary
FUN,SIX FLAGS ENTERTAINMENT CORP,Consumer Discretionary
HE,HAWAIIAN ELECTRIC INDUSTRIES INC,Utilities
ADUS,ADDUS HOMECARE CORP,Health Care
PHIN,PHINIA INC,Consumer Discretionary
FBNC,FIRST BANCORP,Financials
AMR,ALPHA METALLURGICAL RESOURCE INC,Materials
EYE,NATIONAL VISION HOLDINGS INC,Consumer Discretionary
CUBI,CUSTOMERS BANCORP INC,Financials
CXW,CORECIVIC REIT INC,Industrials
IRON,DISC MEDICINE INC,Health Care
TIC,TIC SOLUTIONS INC,Industrials
KLIC,KULICKE AND SOFFA INDUSTRIES INC,Information Technology
INSW,INTERNATIONAL SEAWAYS INC,Energy
DNLI,DENALI THERAPEUTICS INC,Health Care
GRBK,GREEN BRICK PARTNERS INC,Consumer Discretionary
SGHC,SUPER GROUP LTD,Consumer Discretionary
SEI,SOLARIS OILFIELD INFRASTRUCTURE IN,Energy
ACMR,ACM RESEARCH CLASS A INC,Information Technology
PLUS,EPLUS,Information Technology
NTB,BANK OF NT BUTTERFIELD & SON LTD,Financials
EFSC,ENTERPRISE FINANCIAL SERVICES CORP,Financials
VSH,VISHAY INTERTECHNOLOGY INC,Information Technology
SDRL,SEADRILL LTD,Energy
GT,GOODYEAR TIRE & RUBBER,Consumer Discretionary
SONO,SONOS INC,Consumer Discretionary
AI,C3 AI INC CLASS A,Information Technology
WRBY,WARBY PARKER INC CLASS A,Consumer Discretionary
YELP,YELP INC,Communication
SPHR,SPHERE ENTERTAINMENT CLASS A,Communication
KN,KNOWLES CORP,Information Technology
ASGN,ASGN INC,Information Technology
BTDR,BITDEER TECHNOLOGIES GROUP CLASS A,Information Technology
PRDO,PERDOCEO EDUCATION CORP,Consumer Discretionary
BUSE,FIRST BUSEY CORP,Financials
STC,STEWART INFO SERVICES CORP,Financials
NGVT,INGEVITY CORP,Materials
BUR,BURFORD CAPITAL LTD,Financials
NTCT,NETSCOUT SYSTEMS INC,Information Technology
OCUL,OCULAR THERAPEUTIX INC,Health Care
HMN,HORACE MANN EDUCATORS CORP,Financials
SMPL,THE SIMPLY GOOD FOODS COMPANY,Consumer Staples
NWN,NORTHWEST NATURAL HOLDING COMPANY,Utilities
CNS,COHEN & STEERS INC,Financials
VAC,MARRIOTT VACATIONS WORLDWIDE CORP,Consumer Discretionary
BRSL,BRIGHTSTAR LOTTERY PLC,Consumer Discretionary
HLIO,HELIOS TECHNOLOGIES INC,Industrials
CC,CHEMOURS,Materials
QDEL,QUIDELORTHO CORP,Health Care
AVPT,AVEPOINT INC CLASS A,Information Technology
COGT,COGENT BIOSCIENCES INC,Health Care
QUBT,QUANTUM COMPUTING INC,Information Technology
PRCT,PROCEPT BIOROBOTICS CORP,Health Care
MD,PEDIATRIX MEDICAL GROUP INC,Health Care
RXRX,RECURSION PHARMACEUTICALS INC CLAS,Health Care
ARR,ARMOUR RESIDENTIAL REIT INC,Financials
ENVX,ENOVIX CORP,Industrials
HNI,HNI CORP,Industrials
VCEL,VERICEL CORP,Health Care
OI,O I GLASS INC,Materials
EVTC,EVERTEC INC,Financials
OFG,OFG BANCORP,Financials
LMAT,LEMAITRE VASCULAR INC,Health Care
ROCK,GIBRALTAR INDUSTRIES INC,Industrials
KWR,QUAKER HOUGHTON CORP,Materials
ALG,ALAMO GROUP INC,Industrials
ENOV,ENOVIS CORP,Health Care
PRGS,PROGRESS SOFTWARE CORP,Information Technology
LQDA,LIQUIDIA CORP,Health Care
HLMN,HILLMAN SOLUTIONS CORP,Industrials
IOSP,INNOSPEC INC,Materials
BATRK,ATLANTA BRAVES HOLDINGS INC SERIES,Communication
CCOI,COGENT COMMUNICATIONS HOLDINGS INC,Communication
WWW,WOLVERINE WORLD WIDE INC,Consumer Discretionary
TWST,TWIST BIOSCIENCE CORP,Health Care
ARLO,ARLO TECHNOLOGIES INC,Information Technology
FIVN,FIVE9 INC,Information Technology
APGE,APOGEE THERAPEUTICS INC,Health Care
COCO,THE VITA COCO COMPANY INC,Consumer Staples
KSS,KOHLS CORP,Consumer Discretionary
MTX,MINERALS TECHNOLOGIES INC,Materials
AORT,ARTIVION INC,Health Care
RAMP,LIVERAMP HOLDINGS INC,Information Technology
STRA,STRATEGIC EDUCATION INC,Consumer Discretionary
NNI,NELNET INC CLASS A,Financials
NTST,NETSTREIT CORP,Real Estate
BKE,BUCKLE INC,Consumer Discretionary
TNET,TRINET GROUP INCINARY,Industrials
MSGE,MADISON SQUARE GARDEN ENTERTAINMEN,Communication
DRH,DIAMONDROCK HOSPITALITY REIT,Real Estate
WOR,WORTHINGTON ENTERPRISES INC,Industrials
SHO,SUNSTONE HOTEL INVESTORS REIT INC,Real Estate
DX,DYNEX CAPITAL REIT INC,Financials
MQ,MARQETA INC CLASS A,Financials
TRIP,TRIPADVISOR INC,Consumer Discretionary
AMRX,AMNEAL PHARMACEUTICALS INC CLASS A,Health Care
DEI,DOUGLAS EMMETT REIT INC,Real Estate
SYBT,STOCK YARDS BANCORP INC,Financials
ANIP,ANI PHARMACEUTICALS INC,Health Care
SGRY,SURGERY PARTNERS INC,Health Care
AVDL,AVADEL PHARMACEUTICALS ORD,Health Care
PAGS,PAGSEGURO DIGITAL LTD CLASS A,Financials
CASH,PATHWARD FINANCIAL INC,Financials
KMT,KENNAMETAL INC,Industrials
NWBI,NORTHWEST BANCSHARES INC,Financials
UFPT,UFP TECHNOLOGIES INC,Health Care
BBAI,BIGBEAR.AI HOLDINGS INC,Information Technology
VECO,VEECO INSTRUMENTS INC,Information Technology
MNKD,MANNKIND CORP,Health Care
AUPH,AURINIA PHARMACEUTICALS INC,Health Care
KNTK,KINETIK HOLDINGS INC CLASS A,Energy
MRX,MAREX GROUP PLC,Financials
AIN,ALBANY INTERNATIONAL CORP CLASS A,Industrials
CHCO,CITY HOLDING,Financials
SKWD,SKYWARD SPECIALTY INSURANCE GROUP,Financials
BELFB,BEL FUSE INC CLASS B,Information Technology
LTC,LTC PROPERTIES REIT INC,Real Estate
ARCB,ARCBEST CORP,Industrials
IMVT,IMMUNOVANT INC,Health Care
IPAR,INTERPARFUMS INC,Consumer Staples
TPB,TURNING POINT BRANDS INC,Consumer Staples
DHT,DHT HOLDINGS INC,Energy
FLYW,FLYWIRE CORP,Financials
NIC,NICOLET BANKSHARES INC,Financials
PAYO,PAYONEER GLOBAL INC,Financials
MBC,MASTERBRAND INC,Industrials
OMCL,OMNICELL INC,Health Care
BWIN,BALDWIN INSURANCE GROUP INC CLASS,Financials
BLBD,BLUE BIRD CORP,Industrials
FCF,FIRST COMMONWEALTH FINANCIAL CORP,Financials
AAOI,APPLIED OPTOELECTRONICS INC,Information Technology
GSHD,GOOSEHEAD INSURANCE INC CLASS A,Financials
DXPE,DXP ENTERPRISES INC,Industrials
PPTA,PERPETUA RESOURCES CORP,Materials
BFH,BREAD FINANCIAL HOLDINGS INC,Financials
ATRC,ATRICURE INC,Health Care
VRDN,VIRIDIAN THERAPEUTICS ORS INC,Health Care
VYX,NCR VOYIX CORP,Information Technology
CECO,CECO ENVIRONMENTAL CORP,Industrials
LIF,LIFE360 INC,Information Technology
WLY,JOHN WILEY AND SONS INC CLASS A,Communication
ENR,ENERGIZER HOLDINGS INC,Consumer Staples
SHLS,SHOALS TECHNOLOGIES GROUP INC CLAS,Industrials
MLYS,MINERALYS THERAPEUTICS INC,Health Care
AGM,FEDERAL AGRICULTURAL MORTGAGE NON,Financials
CDTX,CIDARA THERAPEUTICS INC,Health Care
CLDX,CELLDEX THERAPEUTICS INC,Health Care
NHC,NATIONAL HEALTHCARE CORP,Health Care
BHE,BENCHMARK ELECTRONICS INC,Information Technology
CCS,CENTURY COMMUNITIES INC,Consumer Discretionary
SPNT,SIRIUSPOINT LTD,Financials
ANDE,ANDERSONS INC,Consumer Staples
ROG,ROGERS CORP,Information Technology
DNOW,DNOW INC,Industrials
XERS,XERIS BIOPHARMA HOLDINGS INC,Health Care
ABR,ARBOR REALTY TRUST REIT INC,Financials
GNL,GLOBAL NET LEASE INC,Real Estate
WERN,WERNER ENTERPRISES INC,Industrials
CENX,CENTURY ALUMINUM,Materials
TILE,INTERFACE INC,Industrials
HTO,H2O AMERICA,Utilities
ACVA,ACV AUCTIONS INC CLASS A,Industrials
SEM,SELECT MEDICAL HOLDINGS CORP,Health Care
CRK,COMSTOCK RESOURCES INC,Energy
RSI,RUSH STREET INTERACTIVE INC CLASS,Consumer Discretionary
ICFI,ICF INTERNATIONAL INC,Industrials
HTH,HILLTOP HOLDINGS INC,Financials
LASR,NLIGHT INC,Information Technology
KALU,KAISER ALUMINIUM CORP,Materials
TRUP,TRUPANION INC,Financials
DBD,DIEBOLD NIXDORF INC,Information Technology
ELME,ELME,Real Estate
ATRO,ASTRONICS CORP,Industrials
FLNC,FLUENCE ENERGY INC CLASS A,Industrials
GEF,GREIF INC CLASS A,Materials
NBHC,NATIONAL BANK HOLDINGS CORP CLASS,Financials
SBH,SALLY BEAUTY HOLDINGS INC,Consumer Discretionary
TXG,10X GENOMICS INC CLASS A,Health Care
CRGY,CRESCENT ENERGY CLASS A,Energy
TNK,TEEKAY TANKERS LTD CLASS A,Energy
CNMD,CONMED CORP,Health Care
WKC,WORLD KINECT CORP,Energy
LKFN,LAKELAND FINANCIAL CORP,Financials
NSSC,NAPCO SECURITY TECHNOLOGIES INC,Information Technology
WT,WISDOMTREE INC,Financials
GTY,GETTY REALTY REIT CORP,Real Estate
XPRO,EXPRO GROUP HOLDINGS NV,Energy
CLOV,CLOVER HEALTH INVESTMENTS CORP CLA,Health Care
IMAX,IMAX CORP,Communication
PZZA,PAPA JOHNS INTERNATIONAL INC,Consumer Discretionary
BCRX,BIOCRYST PHARMACEUTICALS INC,Health Care
TDOC,TELADOC HEALTH INC,Health Care
OUST,OUSTER INC,Information Technology
STBA,S AND T BANCORP INC,Financials
ARI,APOLLO COMMERCIAL REAL ESTATE FINA,Financials
NVTS,NAVITAS SEMICONDUCTOR CORP,Information Technology
ADEA,ADEIA INC,Information Technology
TGLS,TECNOGLASS INC,Industrials
STEL,STELLAR BANCORP INC,Financials
TNC,TENNANT,Industrials
IIPR,INNOVATIVE INDUSTRIAL PROPERTIES I,Real Estate
PGNY,PROGYNY INC,Health Care
SLVM,SYLVAMO CORP,Materials
GABC,GERMAN AMERICAN BANCORP INC,Financials
TCBK,TRICO BANCSHARES,Financials
CTRI,CENTURI HOLDINGS INC,Industrials
CLMT,CALUMET INC,Energy
RCUS,ARCUS BIOSCIENCES INC,Health Care
CENTA,CENTRAL GARDEN AND PET CLASS A,Consumer Staples
ASTH,ASTRANA HEALTH INC,Health Care
JBLU,JETBLUE AIRWAYS CORP,Industrials
PAR,PAR TECHNOLOGY CORP,Information Technology
CCB,COASTAL FINANCIAL CORP,Financials
HRMY,HARMONY BIOSCIENCES HLDG INC,Health Care
SPNS,SAPIENS INTERNATIONAL NV,Information Technology
ZD,ZIFF DAVIS INC,Communication
GO,GROCERY OUTLET HOLDING CORP,Consumer Staples
SCS,STEELCASE INC CLASS A,Industrials
NSP,INSPERITY INC,Industrials
ALKT,ALKAMI TECHNOLOGY INC,Information Technology
SILA,SILA RLTY TR INC TRUST,Real Estate
PLAB,PHOTRONICS INC,Information Technology
ARDX,ARDELYX INC,Health Care
HCSG,HEALTHCARE SERVICES GROUP INC,Industrials
NEOG,NEOGEN CORP,Health Care
PCT,PURECYCLE TECHNOLOGIES INC,Materials
SPB,SPECTRUM BRANDS HOLDINGS INC,Consumer Staples
LZB,LA-Z-BOY INC,Consumer Discretionary
UTI,UNIVERSAL TECHNICAL INSTITUTE INC,Consumer Discretionary
SNDX,SYNDAX PHARMACEUTICALS INC,Health Care
NEO,NEOGENOMICS INC,Health Care
LION,LIONSGATE STUDIOS CORP,Communication
PD,PAGERDUTY INC,Information Technology
USPH,US PHYSICAL THERAPY INC,Health Care
DGII,DIGI INTERNATIONAL INC,Information Technology
LADR,LADDER CAPITAL CORP CLASS A,Financials
VITL,VITAL FARMS INC,Consumer Staples
PHR,PHREESIA INC,Health Care
VERX,VERTEX INC CLASS A,Information Technology
NNE,NANO NUCLEAR ENERGY INC,Industrials
JJSF,J AND J SNACK FOODS CORP,Consumer Staples
HOPE,HOPE BANCORP INC,Financials
JBI,JANUS INTERNATIONAL GROUP INC,Industrials
XHR,XENIA HOTELS RESORTS REIT INC,Real Estate
GBX,GREENBRIER INC,Industrials
EFC,ELLINGTON FINANCIAL INC,Financials
QCRH,QCR HOLDINGS INC,Financials
STAA,STAAR SURGICAL,Health Care
BHVN,BIOHAVEN LTD,Health Care
DCO,DUCOMMUN INC,Industrials
WLDN,WILLDAN GROUP INC,Industrials
BLX,BANCO LATINOAMERICANO DE COMERCIO,Financials
TERN,TERNS PHARMACEUTICALS INC,Health Care
ATEN,A10 NETWORKS INC,Information Technology
VERA,VERA THERAPEUTICS INC CLASS A,Health Care
PRKS,UNITED PARKS AND RESORTS INC,Consumer Discretionary
UVV,UNIVERSAL CORP,Consumer Staples
CRAI,CRA INTERNATIONAL INC,Industrials
PEB,PEBBLEBROOK HOTEL TRUST REIT,Real Estate
PGRE,PARAMOUNT GROUP REIT INC,Real Estate
VRNT,VERINT SYSTEMS INC,Information Technology
FUBO,FUBOTV INC CLASS A,Communication
PRA,PROASSURANCE CORP,Financials
TFIN,TRIUMPH FINANCIAL INC,Financials
AZTA,AZENTA INC,Health Care
WINA,WINMARK CORP,Consumer Discretionary
NVCR,NOVOCURE LTD,Health Care
CTS,CTS CORP,Information Technology
USLM,UNITED STATES LIME AND MINERALS IN,Materials
FDP,FRESH DEL MONTE PRODUCE INC,Consumer Staples
HSII,HEIDRICK AND STRUGGLES INTERNATION,Industrials
LNN,LINDSAY CORP,Industrials
DFIN,DONNELLEY FINANCIAL SOLUTIONS INC,Financials
NUVB,NUVATION BIO INC CLASS A,Health Care
NTLA,INTELLIA THERAPEUTICS INC,Health Care
CDRE,CADRE HOLDINGS INC,Industrials
VRE,VERIS RESIDENTIAL INC,Real Estate
JBGS,JBG SMITH PROPERTIES,Real Estate
LEG,LEGGETT & PLATT INC,Consumer Discretionary
PRCH,PORCH GROUP INC,Information Technology
VTOL,BRISTOW GROUP INC,Energy
IMNM,IMMUNOME INC,Health Care
MRC,MRC GLOBAL INC,Industrials
LZ,LEGALZOOM COM INC,Industrials
PENG,PENGUIN SOLUTIONS INC,Information Technology
ARRY,ARRAY TECHNOLOGIES INC,Industrials
AAMI,ACADIAN ASSET MANAGEMENT INC,Financials
HLIT,HARMONIC INC,Information Technology
PWP,PERELLA WEINBERG PARTNERS CLASS A,Financials
MXL,MAXLINEAR INC,Information Technology
WABC,WESTAMERICA BANCORPORATION,Financials
HOUS,ANYWHERE REAL ESTATE INC,Real Estate
ALIT,ALIGHT INC CLASS A,Industrials
UCTT,ULTRA CLEAN HOLDINGS INC,Information Technology
MODG,TOPGOLF CALLAWAY BRANDS CORP,Consumer Discretionary
EWTX,EDGEWISE THERAPEUTICS INC,Health Care
PGY,PAGAYA TECHNOLOGIES LTD CLASS A,Information Technology
AMRC,AMERESCO INC CLASS A,Industrials
VMEO,VIMEO INC,Communication
TALO,TALOS ENERGY INC,Energy
UMH,UMH PROPERTIES INC,Real Estate
PRLB,PROTO LABS INC,Industrials
ALEX,ALEXANDER AND BALDWIN INC,Real Estate
CNOB,CONNECTONE BANCORP INC,Financials
COLL,COLLEGIUM PHARMACEUTICAL INC,Health Care
SYRE,SPYRE THERAPEUTICS INC,Health Care
STOK,STOKE THERAPEUTICS INC,Health Care
MCRI,MONARCH CASINO AND RESORT INC,Consumer Discretionary
APPN,APPIAN CORP CLASS A,Information Technology
CVI,CVR ENERGY INC,Energy
LUNR,INTUITIVE MACHINES INC CLASS A,Industrials
ASAN,ASANA INC CLASS A,Information Technology
SDGR,SCHRODINGER INC,Health Care
RPD,RAPID7 INC,Information Technology
NVAX,NOVAVAX INC,Health Care
INVA,INNOVIVA INC,Health Care
SRCE,1ST SOURCE CORP,Financials
PRG,PROG HOLDINGS INC,Financials
AMPX,AMPRIUS TECHNOLOGIES INC,Industrials
TRS,TRIMAS CORP,Materials
PBI,PITNEY BOWES INC,Industrials
THRM,GENTHERM INC,Consumer Discretionary
COUR,COURSERA INC,Consumer Discretionary
HROW,HARROW INC,Health Care
ACT,ENACT HOLDINGS INC,Financials
VVX,V2X INC,Industrials
LOB,LIVE OAK BANCSHARES INC,Financials
FSLY,FASTLY INC CLASS A,Information Technology
AHCO,ADAPTHEALTH CORP,Health Care
BFC,BANK FIRST CORP,Financials
WTTR,SELECT WATER SOLUTIONS INC CLASS A,Energy
FIHL,FIDELIS INSURANCE HOLDINGS LTD,Financials
AMC,AMC ENTERTAINMENT HOLDINGS INC CLA,Communication
LPG,DORIAN LPG LTD,Energy
SMA,SMARTSTOP SELF STORAGE REIT INC,Real Estate
VRTS,VIRTUS INVESTMENT PARTNERS INC,Financials
PMT,PENNYMAC MORTGAGE INVESTMENT TRUST,Financials
IE,IVANHOE ELECTRIC INC,Materials
HG,HAMILTON INSURANCE GROUP LTD CLASS,Financials
CRI,CARTERS INC,Consumer Discretionary
BBNX,BETA BIONICS INC,Health Care
ASTE,ASTEC INDUSTRIES INC,Industrials
REAL,THE REALREAL INC,Consumer Discretionary
JANX,JANUX THERAPEUTICS INC,Health Care
NN,NEXTNAV INC,Information Technology
RLJ,RLJ LODGING TRUST REIT,Real Estate
GIII,G III APPAREL GROUP LTD,Consumer Discretionary
DCOM,DIME COMMUNITY BANCSHARES INC,Financials
AXGN,AXOGEN INC,Health Care
CIM,CHIMERA INVESTMENT CORP,Financials
MLKN,MILLERKNOLL INC,Industrials
IMKTA,INGLES MARKETS INC CLASS A,Consumer Staples
UPBD,UPBOUND GROUP INC,Consumer Discretionary
OCFC,OCEANFIRST FINANCIAL CORP,Financials
WMK,WEIS MARKETS INC,Consumer Staples
PCRX,PACIRA BIOSCIENCES INC,Health Care
DVAX,DYNAVAX TECHNOLOGIES CORP,Health Care
ESRT,EMPIRE STATE REALTY REIT INC TRUST,Real Estate
SAFT,SAFETY INSURANCE GROUP INC,Financials
OBK,ORIGIN BANCORP INC,Financials
TWO,TWO HARBORS INVESTMENT CORP,Financials
COHU,COHU INC,Information Technology
BLFS,BIOLIFE SOLUTIONS INC,Health Care
CNNE,CANNAE HOLDINGS INC,Financials
WS,WORTHINGTON STEEL INC,Materials
AAT,AMERICAN ASSETS TRUST REIT INC,Real Estate
CSR,CENTERSPACE,Real Estate
FA,FIRST ADVANTAGE CORP,Industrials
PDM,PIEDMONT REALTY TRUST INC CLASS A,Real Estate
TNDM,TANDEM DIABETES CARE INC,Health Care
BTBT,BIT DIGITAL INC,Information Technology
PRO,PROS HOLDINGS INC,Information Technology
PEBO,PEOPLES BANCORP INC,Financials
CMPR,CIMPRESS PLC,Industrials
BBSI,BARRETT BUSINESS SERVICES INC,Industrials
MVST,MICROVAST HOLDINGS INC,Industrials
LILAK,LIBERTY LATIN AMERICA LTD CLASS C,Communication
WGO,WINNEBAGO INDUSTRIES INC,Consumer Discretionary
SEZL,SEZZLE INC,Financials
NPKI,NPK INTERNATIONAL INC,Industrials
PAX,PATRIA INVESTMENTS LTD CLASS A,Financials
MSEX,MIDDLESEX WATER,Utilities
LMB,LIMBACH HOLDINGS INC,Industrials
XNCR,XENCOR INC,Health Care
MFA,MFA FINANCIAL INC,Financials
AMLX,AMYLYX PHARMACEUTICALS INC,Health Care
TRVI,TREVI THERAPEUTICS INC,Health Care
THS,TREEHOUSE FOODS INC,Consumer Staples
CMPO,COMPOSECURE INC CLASS A,Information Technology
FOXF,FOX FACTORY HOLDING CORP,Consumer Discretionary
ECPG,ENCORE CAPITAL GROUP INC,Financials
ORC,ORCHID ISLAND CAPITAL INC,Financials
REX,REX AMERICAN RESOURCES CORP,Energy
AMPH,AMPHASTAR PHARMACEUTICALS INC,Health Care
DOLE,DOLE PLC,Consumer Staples
THR,THERMON GROUP HOLDINGS INC,Industrials
JAMF,JAMF HOLDING CORP,Information Technology
DHC,DIVERSIFIED HEALTHCARE TRUST,Real Estate
HLX,HELIX ENERGY SOLUTIONS GROUP INC,Energy
LGIH,LGI HOMES INC,Consumer Discretionary
SAH,SONIC AUTOMOTIVE INC CLASS A,Consumer Discretionary
NRIX,NURIX THERAPEUTICS INC,Health Care
AMWD,AMERICAN WOODMARK CORP,Industrials
ECVT,ECOVYST INC,Materials
INDI,INDIE SEMICONDUCTOR INC CLASS A,Information Technology
ROOT,ROOT INC CLASS A,Financials
PLYM,PLYMOUTH INDUSTRIAL REIT INC,Real Estate
KW,KENNEDY WILSON HOLDINGS INC,Real Estate
MDXG,MIMEDX GROUP INC,Health Care
GRC,GORMAN-RUPP,Industrials
RLAY,RELAY THERAPEUTICS INC,Health Care
NVRI,ENVIRI CORP,Industrials
TSHA,TAYSHA GENE THERAPIES INC,Health Care
MNMD,MIND MEDICINE SUBORDINATE VOTING I,Health Care
EIG,EMPLOYERS HOLDINGS INC,Financials
ZYME,ZYMEWORKS INC,Health Care
SCSC,SCANSOURCE INC,Information Technology
TTI,TETRA TECHNOLOGIES INC,Energy
SCL,STEPAN,Materials
WVE,WAVE LIFE SCIENCES LTD,Health Care
FTRE,FORTREA HOLDINGS INC,Health Care
CSTL,CASTLE BIOSCIENCES INC,Health Care
DRVN,DRIVEN BRANDS HOLDINGS INC,Consumer Discretionary
PDFS,PDF SOLUTIONS INC,Information Technology
DEA,EASTERLY GOVERNMENT PROPERTIES INC,Real Estate
BV,BRIGHTVIEW HOLDINGS INC,Industrials
SFL,SFL LTD,Energy
EXPI,EXP WORLD HOLDINGS INC,Real Estate
OSBC,OLD SECOND BANCORP INC,Financials
TMP,TOMPKINS FINANCIAL CORP,Financials
NAVI,NAVIENT CORP,Financials
ERII,ENERGY RECOVERY INC,Industrials
EPC,EDGEWELL PERSONAL CARE,Consumer Staples
UVE,UNIVERSAL INSURANCE HOLDINGS INC,Financials
PAHC,PHIBRO ANIMAL HEALTH CORP CLASS A,Health Care
SLDP,SOLID POWER INC CLASS A,Consumer Discretionary
GLDD,GREAT LAKES DREDGE AND DOCK CORP,Industrials
FBRT,FRANKLIN BSP REALTY TRUST INC,Financials
UNIT,UNITI GROUP INC,Communication
UVSP,UNIVEST FINANCIAL CORP,Financials
AMPL,AMPLITUDE INC CLASS A,Information Technology
PNTG,PENNANT GROUP INC,Health Care
YEXT,YEXT INC,Information Technology
CXM,SPRINKLR INC CLASS A,Information Technology
XPEL,XPEL INC,Consumer Discretionary
HPP,HUDSON PACIFIC PROPERTIES REIT INC,Real Estate
EVLV,EVOLV TECHNOLOGIES HOLDINGS INC CL,Information Technology
ALGT,ALLEGIANT TRAVEL,Industrials
NTGR,NETGEAR INC,Information Technology
USD,USD CASH,Cash and/or Derivatives
SBSI,SOUTHSIDE BANCSHARES INC,Financials
BY,BYLINE BANCORP INC,Financials
SAFE,SAFEHOLD INC,Real Estate
BBUC,BROOKFIELD BUSINESS CORP CLASS A,Industrials
HAFC,HANMI FINANCIAL CORP,Financials
CTBI,COMMUNITY TRUST BANCORP INC,Financials
IDT,IDT CORP CLASS B,Communication
AESI,ATLAS ENERGY SOLUTIONS INC,Energy
DLX,DELUXE CORP,Industrials
MBIN,MERCHANTS BANCORP,Financials
QNST,QUINSTREET INC,Communication
PUMP,PROPETRO HOLDING CORP,Energy
UPB,UPSTREAM BIO INC,Health Care
HLF,HERBALIFE LTD,Consumer Staples
RCAT,RED CAT HOLDINGS INC,Information Technology
RVLV,REVOLVE GROUP CLASS A INC,Consumer Discretionary
FMBH,FIRST MID BANCSHARES INC,Financials
CRMD,CORMEDIX INC,Health Care
KURA,KURA ONCOLOGY INC,Health Care
HTZ,HERTZ GLOBAL HLDGS INC,Industrials
NEXT,NEXTDECADE CORP,Energy
EMBC,EMBECTA CORP,Health Care
FWRG,FIRST WATCH RESTAURANT GROUP INC,Consumer Discretionary
MEG,MONTROSE ENVIRONMENTAL GRP INC,Industrials
FLNG,FLEX LNG LTD,Energy
NBR,NABORS INDUSTRIES LTD,Energy
CDNA,CAREDX INC,Health Care
FIZZ,NATIONAL BEVERAGE CORP,Consumer Staples
IAS,INTEGRAL AD SCIENCE HOLDING CORP,Communication
ELVN,ENLIVEN THERAPEUTICS INC,Health Care
BHRB,BURKE HERBERT FINANCIAL SERVICES C,Financials
DEC,DIVERSIFIED ENERGY COMPANY PLC,Energy
SMP,STANDARD MOTOR PRODUCTS INC,Consumer Discretionary
ODP,ODP CORP,Consumer Discretionary
ALNT,ALLIENT INC,Industrials
METC,RAMACO RESOURCES INC CLASS A,Materials
UTL,UNITIL CORP,Utilities
EVH,EVOLENT HEALTH INC CLASS A,Health Care
INVX,INNOVEX INTERNATIONAL INC,Energy
INBX,INHIBRX BIOSCIENCES INC,Health Care
DAKT,DAKTRONICS INC,Information Technology
HFWA,HERITAGE FINANCIAL CORP,Financials
IART,INTEGRA LIFESCIENCES HOLDINGS CORP,Health Care
CFFN,CAPITOL FEDERAL FINANCIAL INC,Financials
AMSF,AMERISAFE INC,Financials
AMN,AMN HEALTHCARE INC,Health Care
APOG,APOGEE ENTERPRISES INC,Industrials
ORKA,ORUKA THERAPEUTICS INC,Health Care
NESR,NATIONAL ENERGY SERVICES REUNITED,Energy
BORR,BORR DRILLING LTD,Energy
CABO,CABLE ONE INC,Communication
CLB,CORE LABORATORIES INC,Energy
GBTG,GLOBAL BUSINESS TRAVEL GROUP INC C,Consumer Discretionary
TDUP,THREDUP INC CLASS A,Consumer Discretionary
AXL,AMERICAN AXLE AND MANUFACTURING HO,Consumer Discretionary
PRSU,PURSUIT ATTRACTIONS AND HOSPITALIT,Consumer Discretionary
UTZ,UTZ BRANDS INC CLASS A,Consumer Staples
URGN,UROGEN PHARMA LTD,Health Care
SABR,SABRE CORP,Consumer Discretionary
MMI,MARCUS & MILLICHAP INC,Real Estate
CBRL,CRACKER BARREL OLD COUNTRY STORE I,Consumer Discretionary
GCI,GANNETT CO INC,Communication
EYPT,EYEPOINT PHARMACEUTICALS INC,Health Care
CWH,CAMPING WORLD HOLDINGS INC CLASS A,Consumer Discretionary
RWT,REDWOOD TRUST REIT INC,Financials
ORIC,ORIC PHARMACEUTICALS INC,Health Care
TRST,TRUSTCO BANK CORP,Financials
AEHR,AEHR TEST SYSTEMS,Information Technology
MBWM,MERCANTILE BANK CORP,Financials
NAT,NORDIC AMERICAN TANKERS LTD,Energy
CPF,CENTRAL PACIFIC FINANCIAL CORP,Financials
KOS,KOSMOS ENERGY LTD,Energy
IIIV,I3 VERTICALS INC CLASS A,Information Technology
NXRT,NEXPOINT RESIDENTIAL TRUST INC,Real Estate
KE,KIMBALL ELECTRONICS INC,Information Technology
AIV,APARTMENT INVESTMENT AND MANAGEMEN,Real Estate
TREE,LENDINGTREE INC,Financials
HBNC,HORIZON BANCORP INC,Financials
CCNE,CNB FINANCIAL CORP,Financials
PFBC,PREFERRED BANK,Financials
BJRI,BJS RESTAURANTS INC,Consumer Discretionary
BRSP,BRIGHTSPIRE CAPITAL INC CLASS A,Financials
IRMD,IRADIMED CORP,Health Care
BFST,BUSINESS FIRST BANCSHARES INC,Financials
RZLT,REZOLUTE INC,Health Care
MATW,MATTHEWS INTERNATIONAL CORP CLASS,Consumer Discretionary
ESQ,ESQUIRE FINANCIAL HOLDINGS INC,Financials
GOGO,GOGO INC,Communication
ANAB,ANAPTYSBIO INC,Health Care
IBCP,INDEPENDENT BANK CORP,Financials
ABUS,ARBUTUS BIOPHARMA CORP,Health Care
CNXN,PC CONNECTION INC,Information Technology
BLND,BLEND LABS INC CLASS A,Information Technology
UFCS,UNITED FIRE GROUP INC,Financials
PLOW,DOUGLAS DYNAMICS INC,Industrials
MSFUT,CASH COLLATERAL MSFUT USD,Cash and/or Derivatives
RGR,STURM RUGER INC,Consumer Discretionary
EVER,EVERQUOTE INC CLASS A,Communication
AOSL,ALPHA AND OMEGA SEMICONDUCTOR LTD,Information Technology
LFST,LIFESTANCE HEALTH GROUP INC,Health Care
SG,SWEETGREEN INC CLASS A,Consumer Discretionary
TR,TOOTSIE ROLL INDUSTRIES INC,Consumer Staples
GCT,GIGACLOUD TECHNOLOGY INC CLASS A,Consumer Discretionary
MOFG,MIDWESTONE FINANCIAL GROUP INC,Financials
FIGS,FIGS INC CLASS A,Consumer Discretionary
FG,F&G ANNUITIES AND LIFE INC,Financials
NBN,NORTHEAST BANK,Financials
MTUS,METALLUS INC,Materials
AMAL,AMALGAMATED FINANCIAL CORP,Financials
UAMY,UNITED STATES ANTIMONY CORP,Materials
RUM,RUMBLE INC CLASS A,Communication
HTB,HOMETRUST BANCSHARES INC,Financials
HIPO,HIPPO HOLDINGS INC,Financials
GHM,GRAHAM CORP,Industrials
MYE,MYERS INDUSTRIES INC,Materials
GPRE,GREEN PLAINS INC,Energy
TRTX,TPG RE FINANCE TRUST INC,Financials
HTBK,HERITAGE COMMERCE CORP,Financials
BBW,BUILD A BEAR WORKSHOP INC,Consumer Discretionary
HNRG,HALLADOR ENERGY,Utilities
RHLD,RESOLUTE HOLDINGS MANAGEMENT INC,Industrials
CTLP,CANTALOUPE INC,Financials
HSTM,HEALTHSTREAM INC,Health Care
MAZE,MAZE THERAPEUTICS INC,Health Care
BZH,BEAZER HOMES INC,Consumer Discretionary
MCB,METROPOLITAN BANK HOLDING CORP,Financials
GDOT,GREEN DOT CORP CLASS A,Financials
THFF,FIRST FINANCIAL CORPORATION CORP,Financials
CAC,CAMDEN NATIONAL CORP,Financials
ASPI,ASP ISOTOPES INC,Materials
AMTB,AMERANT BANCORP INC CLASS A,Financials
ARVN,ARVINAS INC,Health Care
EQBK,EQUITY BANCSHARES INC CLASS A,Financials
NBBK,NB BANCORP INC,Financials
AVXL,ANAVEX LIFE SCIENCES CORP,Health Care
GERN,GERON CORP,Health Care
REPL,REPLIMUNE GROUP INC,Health Care
APPS,DIGITAL TURBINE INC,Information Technology
WSR,WHITESTONE REIT,Real Estate
ZGN,ERMENEGILDO ZEGNA NV,Consumer Discretionary
SNCY,SUN COUNTRY AIRLINES HOLDINGS INC,Industrials
NWPX,NWPX INFRASTRUCTURE INC,Industrials
FSBC,FIVE STAR BANCORP,Financials
CEVA,CEVA INC,Information Technology
ORRF,ORRSTOWN FINANCIAL SERVICES INC,Financials
CARS,CARS.COM INC,Communication
NX,QUANEX BUILDING PRODUCTS CORP,Industrials
VTS,VITESSE ENERGY INC,Energy
LYTS,LSI INDUSTRIES INC,Industrials
EE,EXCELERATE ENERGY INC CLASS A,Energy
CSV,CARRIAGE SERVICES INC,Consumer Discretionary
BWMN,BOWMAN CONSULTING GROUP LTD,Industrials
KOD,KODIAK SCIENCES INC,Health Care
AIOT,POWERFLEET INC,Information Technology
RZLV,REZOLVE AI PLC,Information Technology
RDVT,RED VIOLET INC,Information Technology
GDYN,GRID DYNAMICS HOLDINGS INC CLASS A,Information Technology
IIIN,INSTEEL INDUSTRIES INC,Industrials
HOV,HOVNANIAN ENTERPRISES INC CLASS A,Consumer Discretionary
AHL,ASPEN INSURANCE HOLDINGS LTD CLASS,Financials
CMRE,COSTAMARE INC,Industrials
CMP,COMPASS MINERALS INTERNATIONAL INC,Materials
BKSY,BLACKSKY TECHNOLOGY INC CLASS A,Industrials
SXC,SUNCOKE ENERGY INC,Materials
MYGN,MYRIAD GENETICS INC,Health Care
ADTN,ADTRAN HOLDINGS INC,Information Technology
SIBN,SI BONE INC,Health Care
CCBG,CAPITAL CITY BANK INC,Financials
CBL,CBL ASSOCIATES PROPERTIES INC,Real Estate
INN,SUMMIT HOTEL PROPERTIES REIT INC,Real Estate
SHEN,SHENANDOAH TELECOMMUNICATIONS,Communication
PGEN,PRECIGEN INC,Health Care
ADAM,ADAMAS INC TRUST,Financials
BLMN,BLOOMIN BRANDS INC,Consumer Discretionary
VSTS,VESTIS CORP,Industrials
DFH,DREAM FINDERS HOMES INC CLASS A,Consumer Discretionary
SCHL,SCHOLASTIC CORP,Communication
OFIX,ORTHOFIX MEDICAL INC,Health Care
TNGX,TANGO THERAPEUTICS INC,Health Care
RBCAA,REPUBLIC BANCORP INC CLASS A,Financials
BDN,BRANDYWINE REALTY TRUST REIT,Real Estate
ESPR,ESPERION THERAPEUTICS INC,Health Care
TRNS,TRANSCAT INC,Industrials
GCMG,GCM GROSVENOR INC CLASS A,Financials
PHAT,PHATHOM PHARMACEUTICALS INC,Health Care
OPK,OPKO HEALTH INC,Health Care
CCSI,CONSENSUS CLOUD SOLUTIONS INC,Information Technology
MPB,MID PENN BANCORP INC,Financials
NPK,NATIONAL PRESTO INDUSTRIES INC,Industrials
MRTN,MARTEN TRANSPORT LTD,Industrials
TBPH,THERAVANCE BIOPHARMA INC,Health Care
RYI,RYERSON HOLDING CORP,Materials
ATUS,ALTICE USA INC CLASS A,Communication
GNK,GENCO SHIPPING AND TRADING LTD,Industrials
KFRC,KFORCE INC,Industrials
ODC,OIL DRI CORPORATION OF AMERICA,Consumer Staples
PACB,PACIFIC BIOSCIENCES OF CALIFORNIA,Health Care
IVR,INVESCO MORTGAGE CAPITAL REIT INC,Financials
GLUE,MONTE ROSA THERAPEUTICS INC,Health Care
MATV,MATIV HOLDINGS INC,Materials
APEI,AMERICAN PUBLIC EDUCATION INC,Consumer Discretionary
FISI,FINANCIAL INSTITUTIONS INC,Financials
SERV,SERVE ROBOTICS INC,Consumer Discretionary
KOP,KOPPERS HOLDINGS INC,Materials
NABL,N ABLE INC,Information Technology
PSIX,POWER SOLUTIONS INTERNATIONAL INC,Industrials
GRDN,GUARDIAN PHARMACY SERVICES INC CLA,Health Care
SANA,SANA BIOTECHNOLOGY INC,Health Care
HRTG,HERITAGE INSURANCE HOLDINGS INC,Financials
LINC,LINCOLN EDUCATIONAL SERVICES CORP,Consumer Discretionary
PACS,PACS GROUP INC,Health Care
SMBC,SOUTHERN MISSOURI BANCORP INC,Financials
FIP,FTAI INFRASTRUCTURE INC,Industrials
STGW,STAGWELL INC CLASS A,Communication
ETD,ETHAN ALLEN INTERIORS INC,Consumer Discretionary
GSM,FERROGLOBE PLC,Materials
EBS,EMERGENT BIOSOLUTIONS INC,Health Care
DNTH,DIANTHUS THERAPEUTICS INC,Health Care
PX,P10 INC CLASS A,Financials
MCW,MISTER CAR WASH INC,Consumer Discretionary
LQDT,LIQUIDITY SERVICES INC,Industrials
RGNX,REGENXBIO INC,Health Care
ACEL,ACCEL ENTERTAINMENT INC CLASS A,Consumer Discretionary
ICHR,ICHOR HOLDINGS LTD,Information Technology
ZVRA,ZEVRA THERAPEUTICS INC,Health Care
SPT,SPROUT SOCIAL INC CLASS A,Information Technology
SMBK,SMARTFINANCIAL INC,Financials
SSTK,SHUTTERSTOCK INC,Communication
AROW,ARROW FINANCIAL CORP,Financials
SBGI,SINCLAIR INC CLASS A,Communication
ANGI,ANGI INC CLASS A,Communication
NUS,NU SKIN ENTERPRISES INC CLASS A,Consumer Staples
AKBA,AKEBIA THERAPEUTICS INC,Health Care
DAWN,DAY ONE BIOPHARMACEUTICALS INC,Health Care
AQST,AQUESTIVE THERAPEUTICS INC,Health Care
NVGS,NAVIGATOR HOLDINGS LTD,Energy
CASS,CASS INFORMATION SYSTEMS INC,Financials
PVLA,PALVELLA THERAPEUTICS INC,Health Care
MCBS,METROCITY BANKSHARES INC,Financials
PRAA,PRA GROUP INC,Financials
BLZE,BACKBLAZE INC CLASS A,Information Technology
JBSS,JOHN B SANFILIPPO AND SON INC,Consumer Staples
CWCO,CONSOLIDATED WATER LTD,Utilities
KROS,KEROS THERAPEUTICS INC,Health Care
OXM,OXFORD INDUSTRIES INC,Consumer Discretionary
FCBC,FIRST COMMUNITY BANKSHARES INC,Financials
SPRY,ARS PHARMACEUTICALS INC,Health Care
ABSI,ABSCI CORP,Health Care
AHH,ARMADA HOFFLER PROPERTIES REIT INC,Real Estate
TCMD,TACTILE SYSTEMS TECHNOLOGY INC,Health Care
STKL,SUNOPTA INC,Consumer Staples
CTO,CTO REALTY GROWTH INC,Real Estate
UDMY,UDEMY INC,Consumer Discretionary
NRDS,NERDWALLET INC CLASS A,Financials
AVO,MISSION PRODUCE INC,Consumer Staples
TK,TEEKAY CORPORATION CORP LTD,Energy
UHT,UNIVERSAL HEALTH REALTY INCOME TRU,Real Estate
AVNS,AVANOS MEDICAL INC,Health Care
WASH,WASHINGTON TRUST BANCORP INC,Financials
BCAX,BICARA THERAPEUTICS INC,Health Care
PLPC,PREFORMED LINE PRODUCTS,Industrials
MBUU,MALIBU BOATS CLASS A INC,Consumer Discretionary
BFLY,BUTTERFLY NETWORK INC CLASS A,Health Care
RIGL,RIGEL PHARMACEUTICALS INC,Health Care
DJCO,DAILY JOURNAL CORP,Information Technology
CYH,COMMUNITY HEALTH SYSTEMS INC,Health Care
ALX,ALEXANDERS REIT INC,Real Estate
EU,ENCORE ENERGY CORP,Energy
BXC,BLUELINX HOLDINGS INC,Industrials
SENEA,SENECA FOODS CORP CLASS A,Consumer Staples
FOR,FORESTAR GROUP INC,Real Estate
ARHS,ARHAUS INC CLASS A,Consumer Discretionary
GSBC,GREAT SOUTHERN BANCORP INC,Financials
SHBI,SHORE BANCSHARES INC,Financials
OLMA,OLEMA PHARMACEUTICALS INC,Health Care
GOOD,GLADSTONE COMMERCIAL REIT CORP,Real Estate
FMNB,FARMERS NATIONAL BANC CORP,Financials
ASIX,ADVANSIX INC,Materials
PKST,PEAKSTONE REALTY TRUST CLASS E,Real Estate
GEVO,GEVO INC,Energy
NRIM,NORTHRIM BANCORP INC,Financials
TALK,TALKSPACE INC,Health Care
RES,RPC INC,Energy
RC,READY CAPITAL CORP,Financials
CTEV,CLARITEV CORP CLASS A,Health Care
ZBIO,ZENAS BIOPHARMA INC,Health Care
VREX,VAREX IMAGING CORP,Health Care
KOPN,KOPIN CORP,Information Technology
CLNE,CLEAN ENERGY FUELS CORP,Energy
SPFI,SOUTH PLAINS FINANCIAL INC,Financials
LTBR,LIGHTBRIDGE CORP,Energy
CPS,COOPER STANDARD HOLDINGS INC,Consumer Discretionary
TCBX,THIRD COAST BANCSHARES INC,Financials
AMBP,ARDAGH METAL PACKAGING SA,Materials
ASPN,ASPEN AEROGELS INC,Materials
GRPN,GROUPON INC,Consumer Discretionary
FLGT,FULGENT GENETICS INC,Health Care
IHRT,IHEARTMEDIA INC CLASS A,Communication
SVRA,SAVARA INC,Health Care
ETON,ETON PHARMACEUTCIALS INC,Health Care
ALRS,ALERUS FINANCIAL CORP,Financials
KREF,KKR REAL ESTATE FINANCE INC TRUST,Financials
IOVA,IOVANCE BIOTHERAPEUTICS INC,Health Care
RAPP,RAPPORT THERAPEUTICS INC,Health Care
IBRX,IMMUNITYBIO INC,Health Care
LIND,LINDBLAD EXPEDITIONS HOLDINGS INC,Consumer Discretionary
BHB,BAR HARBOR BANKSHARES,Financials
VIR,VIR BIOTECHNOLOGY INC,Health Care
AMRK,A MARK PRECIOUS METALS INC,Consumer Discretionary
NLOP,NET LEASE OFFICE PROPERTIES,Real Estate
EVGO,EVGO INC CLASS A,Consumer Discretionary
ANGO,ANGIODYNAMICS INC,Health Care
CLPT,CLEARPOINT NEURO INC,Health Care
AVBP,ARRIVENT BIOPHARMA INC,Health Care
EGBN,EAGLE BANCORP INC,Financials
MNRO,MONRO INC,Consumer Discretionary
CTKB,CYTEK BIOSCIENCES INC,Health Care
ATXS,ASTRIA THERAPEUTICS INC,Health Care
AVAH,AVEANNA HEALTHCARE HOLDINGS INC,Health Care
CRVS,CORVUS PHARMACEUTICALS INC,Health Care
VTLE,VITAL ENERGY INC,Energy
LENZ,LENZ THERAPEUTICS INC,Health Care
MAX,MEDIAALPHA INC CLASS A,Communication
DNA,GINKGO BIOWORKS HOLDINGS INC CLASS,Health Care
ACNB,ACNB CORP,Financials
HZO,MARINEMAX INC,Consumer Discretionary
HIFS,HINGHAM INSTITUTION FOR SAVINGS,Financials
TIPT,TIPTREE INC,Financials
CYRX,CRYOPORT INC,Health Care
SFIX,STITCH FIX INC CLASS A,Consumer Discretionary
SOC,SABLE OFFSHORE CORP CLASS A,Energy
CMCL,CALEDONIA MINING PLC,Materials
CLMB,CLIMB GLOBAL SOLUTIONS INC,Information Technology
LXU,LSB INDUSTRIES INC,Materials
GOSS,GOSSAMER BIO INC,Health Care
GRND,GRINDR INC,Communication
RUSHB,RUSH ENTERPRISES INC CLASS B,Industrials
HELE,HELEN OF TROY LTD,Consumer Discretionary
FFIC,FLUSHING FINANCIAL CORP,Financials
PSNL,PERSONALIS INC,Health Care
NUTX,NUTEX HEALTH INC,Health Care
HCKT,HACKETT GROUP INC,Information Technology
SION,SIONNA THERAPEUTICS INC,Health Care
SD,SANDRIDGE ENERGY INC,Energy
NB,NIOCORP DEVELOPMENTS LTD,Materials
OMER,OMEROS CORP,Health Care
FPI,FARMLAND PARTNERS INC,Real Estate
SLDE,SLIDE INSURANCE HOLDINGS INC,Financials
OSPN,ONESPAN INC,Information Technology
IBTA,IBOTTA INC CLASS A,Communication
FDMT,4D MOLECULAR THERAPEUTICS INC,Health Care
CMCO,COLUMBUS MCKINNON CORP,Industrials
RYAM,RAYONIER ADVANCED MATERIALS INC,Materials
YORW,YORK WATER,Utilities
VPG,VISHAY PRECISION GROUP INC,Information Technology
MLR,MILLER INDUSTRIES INC,Industrials
AEVA,AEVA TECHNOLOGIES INC,Information Technology
FSUN,FIRSTSUN CAPITAL BANCORP,Financials
DOMO,DOMO INC CLASS B,Information Technology
ASC,ARDMORE SHIPPING CORP,Energy
TE,T1 ENERGY INC,Industrials
SEPN,SEPTERNA INC,Health Care
FBIZ,FIRST BUSINESS FINANCIAL SERVICES,Financials
IMXI,INTERNATIONAL MONEY EXPRESS INC,Financials
CARE,CARTER BANKSHARES INC,Financials
PRTA,PROTHENA PLC,Health Care
NGVC,NATURAL GROCERS BY VITAMIN COTTAGE,Consumer Staples
HY,HYSTER YALE INC CLASS A,Industrials
PFIS,PEOPLES FINANCIAL SERVICES CORP,Financials
EHAB,ENHABIT INC,Health Care
BCAL,CALIFORNIA BANCORP,Financials
CODI,COMPASS DIVERSIFIED,Financials
MITK,MITEK SYSTEMS INC,Information Technology
BKV,BKV CORP,Energy
BSRR,SIERRA BANCORP,Financials
PGC,PEAPACK GLADSTONE FINANCIAL CORP,Financials
CLBK,COLUMBIA FINANCIAL INC,Financials
BAND,BANDWIDTH INC CLASS A,Communication
BBBY,BED BATH AND BEYOND INC,Consumer Discretionary
ERAS,ERASCA INC,Health Care
CHCT,COMMUNITY HEALTHCARE TRUST INC,Real Estate
IBEX,IBEX LTD,Industrials
REAX,REAL BROKERAGE INC,Real Estate
EBF,ENNIS INC,Industrials
SWBI,SMITH WESSON BRANDS INC,Consumer Discretionary
GMRE,GLOBAL MEDICAL REIT INC,Real Estate
CIVB,CIVISTA BANCSHARES INC,Financials
GIC,GLOBAL INDUSTRIAL,Industrials
GTN,GRAY MEDIA INC,Communication
KALV,KALVISTA PHARMACEUTICALS INC,Health Care
MTRX,MATRIX SERVICE,Industrials
BMRC,BANK OF MARIN BANCORP,Financials
EGY,VAALCO ENERGY INC,Energy
ORN,ORION GROUP INC,Industrials
COFS,CHOICEONE FINANCIAL SERVICES INC,Financials
BOW,BOWHEAD SPECIALTY HOLDINGS INC,Financials
GDEN,GOLDEN ENTERTAINMENT INC,Consumer Discretionary
IDR,IDAHO STRATEGIC RESOURCES INC,Materials
CRNC,CERENCE INC,Information Technology
NFBK,NORTHFIELD BANCORP INC,Financials
AEBI,AEBI SCHMIDT HOLDING AG,Industrials
PLAY,DAVE AND BUSTERS ENTERTAINMENT INC,Consumer Discretionary
CLFD,CLEARFIELD INC,Information Technology
SITC,SITE CENTERS CORP,Real Estate
ITIC,INVESTORS TITLE,Financials
KODK,EASTMAN KODAK,Information Technology
NXDR,NEXTDOOR HOLDINGS INC CLASS A,Communication
SKYT,SKYWATER TECHNOLOGY INC,Information Technology
FWRD,FORWARD AIR CORP,Industrials
BMBL,BUMBLE INC CLASS A,Communication
HBCP,HOME BANCORP INC,Financials
CMPX,COMPASS THERAPEUTICS,Health Care
CGEM,CULLINAN THERAPEUTICS INC,Health Care
TWI,TITAN INTERNATIONAL INC,Industrials
DIN,DINE BRANDS GLOBAL INC,Consumer Discretionary
MLAB,MESA LABORATORIES INC,Health Care
SRDX,SURMODICS INC,Health Care
EOLS,EVOLUS INC,Health Care
TROX,TRONOX HOLDINGS PLC,Materials
CCRN,CROSS COUNTRY HEALTHCARE INC,Health Care
WEAV,WEAVE COMMUNICATIONS INC,Information Technology
WTBA,WEST BANCORPORATION INC,Financials
WRLD,WORLD ACCEPTANCE CORP,Financials
VOYG,VOYAGER TECHNOLOGIES INC CLASS A,Industrials
OIS,OIL STATES INTERNATIONAL INC,Energy
CVGW,CALAVO GROWERS INC,Consumer Staples
NAGE,NIAGEN BIOSCIENCE INC,Health Care
FULC,FULCRUM THERAPEUTICS INC,Health Care
RM,REGIONAL MANAGEMENT CORP,Financials
BATRA,ATLANTA BRAVES HOLDINGS INC SERIES,Communication
SEMR,SEMRUSH HOLDINGS INC CLASS A,Information Technology
TTAM,TITAN AMERICA SA,Materials
CWBC,COMMUNITY WEST BANCSHARES,Financials
MAMA,MAMAS CREATIONS INC,Consumer Staples
AMBC,AMBAC FINANCIAL GROUP INC,Financials
TYRA,TYRA BIOSCIENCES INC,Health Care
CRSR,CORSAIR GAMING INC,Information Technology
MGTX,MEIRAGTX HOLDINGS PLC,Health Care
BYRN,BYRNA TECHNOLOGIES INC,Industrials
CNDT,CONDUENT INC,Industrials
OLP,ONE LIBERTY PROPERTIES REIT INC,Real Estate
XRX,XEROX HOLDINGS CORP,Information Technology
LAB,STANDARD BIOTOOLS INC,Health Care
KELYA,KELLY SERVICES INC CLASS A,Industrials
TLS,TELOS CORPORATION CORP,Information Technology
KRUS,KURA SUSHI USA INC,Consumer Discretionary
SFST,SOUTHERN FIRST BANCSHARES INC,Financials
MGPI,MGP INGREDIENTS INC,Consumer Staples
PSFE,PAYSAFE LTD,Financials
VSTM,VERASTEM INC,Health Care
CAL,CALERES INC,Consumer Discretionary
UNTY,UNITY BANCORP INC,Financials
CRML,CRITICAL METALS CORP,Materials
BVS,BIOVENTUS CLASS A INC,Health Care
AIP,ARTERIS INC,Information Technology
RBB,RBB BANCORP,Financials
TITN,TITAN MACHINERY INC,Industrials
ARDT,ARDENT HEALTH INC,Health Care
KRNY,KEARNY FINANCIAL CORP,Financials
FRBA,FIRST BANK,Financials
BWB,BRIDGEWATER BANCSHARES INC,Financials
ABAT,AMERICAN BATTERY TECHNOLOGY COMPAN,Materials
CTOS,CUSTOM TRUCK ONE SOURCE INC,Industrials
RDW,REDWIRE CORP,Industrials
KMTS,KESTRA MEDICAL TECHNOLOGIES LTD,Health Care
MTW,MANITOWOC INC,Industrials
DHIL,DIAMOND HILL INVESTMENT GROUP INC,Financials
PKE,PARK AEROSPACE CORP,Industrials
GLRE,GREENLIGHT CAPITAL LTD CLASS A,Financials
CVLG,COVENANT LOGISTICS GROUP INC CLASS,Industrials
TSSI,TSS INC,Information Technology
DDD,3D SYSTEMS CORP,Industrials
MCS,THE MARCUS CORP,Communication
DC,DAKOTA GOLD CORP,Materials
SIGA,SIGA TECHNOLOGIES INC,Health Care
WLFC,WILLIS LEASE FINANCE CORP,Industrials
BFS,SAUL CENTERS REIT INC,Real Estate
HTLD,HEARTLAND EXPRESS INC,Industrials
HBT,HBT FINANCIAL INC,Financials
ARKO,ARKO,Consumer Discretionary
PSTL,POSTAL REALTY TRUST INC CLASS A,Real Estate
BETR,BETTER HOME FINANCE HOLDING CLASS,Financials
PUBM,PUBMATIC INC CLASS A,Communication
FMAO,FARMERS AND MERCHANTS BANCORP INC,Financials
CBNK,CAPITAL BANCORP INC,Financials
DGICA,DONEGAL GROUP INC CLASS A,Financials
ZEUS,OLYMPIC STEEL INC,Materials
REPX,RILEY EXPLORATION PERMIAN INC,Energy
FFWM,FIRST FOUNDATION INC,Financials
MSBI,MIDLAND STATES BANCORP INC,Financials
RPAY,REPAY HOLDINGS CORP CLASS A,Financials
HDSN,HUDSON TECHNOLOGIES INC,Industrials
TRC,TEJON RANCH,Real Estate
MCFT,MASTERCRAFT BOAT HOLDINGS INC,Consumer Discretionary
BCML,BAYCOM CORP,Financials
PRME,PRIME MEDICINE INC,Health Care
SVV,SAVERS VALUE VILLAGE INC,Consumer Discretionary
SWIM,LATHAM GROUP INC,Consumer Discretionary
ACCO,ACCO BRANDS CORP,Industrials
CENT,CENTRAL GARDEN AND PET,Consumer Staples
WNC,WABASH NATIONAL CORP,Industrials
DENN,DENNYS CORP,Consumer Discretionary
MRVI,MARAVAI LIFESCIENCES HOLDINGS INC,Health Care
NGNE,NEUROGENE INC,Health Care
FLOC,FLOWCO HOLDINGS INC CLASS A,Energy
MBX,MBX BIOSCIENCES INC,Health Care
GNE,GENIE ENERGY LTD CLASS B,Utilities
OBT,ORANGE COUNTY BANCORP INC,Financials
LXFR,LUXFER HOLDINGS PLC,Industrials
MVBF,MVB FINANCIAL CORP,Financials
BWFG,BANKWELL FINANCIAL GROUP INC,Financials
ACIC,AMERICAN COASTAL INSURANCE CORP,Financials
MBI,MBIA INC,Financials
FET,FORUM ENERGY TECHNOLOGIES INC,Energy
RXST,RXSIGHT INC,Health Care
GBFH,GBANK FINL HLDGS INC,Financials
SVC,SERVICE PROPERTIES TRUST,Real Estate
TMCI,TREACE MEDICAL CONCEPTS INC,Health Care
SCVL,SHOE CARNIVAL INC,Consumer Discretionary
JACK,JACK IN THE BOX INC,Consumer Discretionary
CLDT,CHATHAM LODGING TRUST REIT,Real Estate
NEXN,NEXXEN INTERNATIONAL LTD,Communication
ALT,ALTIMMUNE INC,Health Care
HNST,THE HONEST COMPANY INC,Consumer Staples
NVEC,NVE CORP,Information Technology
WBTN,WEBTOON ENTERTAINMENT INC,Communication
SRTA,STRATA CRITICAL MEDICAL INC CLASS,Health Care
LAND,GLADSTONE LAND REIT CORP,Real Estate
BGS,B AND G FOODS INC,Consumer Staples
ATLC,ATLANTICUS HOLDINGS CORP,Financials
CBAN,COLONY BANKCORP INC,Financials
RBBN,RIBBON COMMUNICATIONS INC,Information Technology
CZNC,CITIZENS AND NORTHERN CORP,Financials
ULCC,FRONTIER GROUP HOLDINGS INC,Industrials
CMRC,BIGCOMMERCE HOLDINGS INC SERIES,Information Technology
ZUMZ,ZUMIEZ INC,Consumer Discretionary
MNPR,MONOPAR THERAPEUTICS INC,Health Care
OPRX,OPTIMIZERX CORP,Health Care
HVT,HAVERTY FURNITURE COMPANIES INC,Consumer Discretionary
NATH,NATHANS FAMOUS INC,Consumer Discretionary
RRBI,RED RIVER BANCSHARES INC,Financials
XOMA,XOMA ROYALTY CORP,Health Care
VLGEA,VILLAGE SUPER MARKET INC CLASS A,Consumer Staples
JBIO,JADE BIOSCIENCES INC,Health Care
SMLR,SEMLER SCIENTIFIC INC,Health Care
OOMA,OOMA INC,Information Technology
ANNX,ANNEXON INC,Health Care
XPER,XPERI INC,Information Technology
PTLO,PORTILLO S INC CLASS A,Consumer Discretionary
IRWD,IRONWOOD PHARMA INC CLASS A,Health Care
ILPT,INDUSTRIAL LOGISTICS PROPERTIES TR,Real Estate
BRBS,BLUE RIDGE BANKSHARES INC,Financials
FNLC,FIRST BANCORP INC,Financials
ADCT,ADC THERAPEUTICS SA,Health Care
QSI,QUANTUM SI INC CLASS A,Health Care
PLSE,PULSE BIOSCIENCES INC,Health Care
CMTG,CLAROS MORTGAGE TRUST INC,Financials
GCO,GENESCO INC,Consumer Discretionary
MFH,MERCURITY FINTECH HOLDING INC,Information Technology
CLW,CLEARWATER PAPER CORP,Materials
KFS,KINGSWAY FINANCIAL SERVICES INC,Financials
CIO,CITY OFFICE REIT INC,Real Estate
LOCO,EL POLLO LOCO INC,Consumer Discretionary
NCMI,NATIONAL CINEMEDIA INC,Communication
GRNT,GRANITE RIDGE RESOURCES INC,Energy
SLQT,SELECTQUOTE INC,Financials
FSBW,FS BANCORP INC,Financials
ZIP,ZIPRECRUITER INC CLASS A,Communication
MAGN,MAGNERA CORP,Materials
SLP,SIMULATIONS PLUS INC,Health Care
AVNW,AVIAT NETWORKS INC,Information Technology
RR,RICHTECH ROBOTICS INC CLASS B,Industrials
CDZI,CADIZ INC,Utilities
NGS,NATURAL GAS SERVICES GROUP INC,Energy
GEFB,GREIF INC CLASS B,Materials
EGAN,EGAIN CORP,Information Technology
KIDS,ORTHOPEDIATRICS CORP,Health Care
IPI,INTREPID POTASH INC,Materials
NEWT,NEWTEKONE INC,Financials
NECB,NORTHEAST COMMUNITY BANCORP INC,Financials
RCKT,ROCKET PHARMACEUTICALS INC,Health Care
OEC,ORION SA,Materials
PCB,PCB BANCORP,Financials
FRGE,FORGE GLOBAL HOLDINGS INC,Financials
MOV,MOVADO GROUP INC,Consumer Discretionary
ALDX,ALDEYRA THERAPEUTICS INC,Health Care
CERS,CERUS CORP,Health Care
FRPH,FRP HOLDINGS INC,Real Estate
PKBK,PARKE BANCORP INC,Financials
PDLB,PONCE FINANCIAL GROUP INC,Financials
DCTH,DELCATH SYS INC,Health Care
BOC,BOSTON OMAHA CORP CLASS A,Communication
CBLL,CERIBELL INC,Health Care
MVIS,MICROVISION INC,Information Technology
DNUT,KRISPY KREME INC,Consumer Discretionary
ORGO,ORGANOGENESIS HOLDINGS INC CLASS A,Health Care
TBCH,TURTLE BEACH CORP,Information Technology
FSTR,LB FOSTER,Industrials
MEC,MAYVILLE ENGINEERING COMPANY INC,Industrials
OMI,OWENS & MINOR INC,Health Care
WOW,WIDEOPENWEST INC,Communication
SLDB,SOLID BIOSCIENCES INC,Health Care
CZFS,CITIZENS FINANCIAL SERVICES INC,Financials
SPOK,SPOK HOLDINGS INC,Communication
ONIT,ONITY GROUP INC,Financials
MH,MCGRAW HILL INC,Consumer Discretionary
BZAI,BLAIZE HOLDINGS INC,Information Technology
TSBK,TIMBERLAND BANCORP INC,Financials
SB,SAFE BULKERS INC,Industrials
HYLN,HYLIION HOLDINGS CORP,Industrials
BRY,BERRY,Energy
CIA,CITIZENS INC CLASS A,Financials
TOI,ONCOLOGY INSTITUTE INC,Health Care
DSGR,DISTRIBUTION SOLUTIONS GROUP INC,Industrials
RNGR,RANGER ENERGY SERVICES INC CLASS A,Energy
LDI,LOANDEPOT INC CLASS A,Financials
RMR,RMR GROUP INC CLASS A,Real Estate
JELD,JELD WEN HOLDING INC,Industrials
STRT,STRATTEC SECURITY CORP,Consumer Discretionary
BH,BIGLARI HOLDINGS INCINARY CLASS B,Consumer Discretionary
AMCX,AMC NETWORKS CLASS A INC,Communication
ALMS,ALUMIS INC,Health Care
MCHB,MECHANICS BANCORP CLASS A,Financials
WSBF,WATERSTONE FINANCIAL INC,Financials
THRY,THRYV HOLDINGS INC,Communication
WOOF,PETCO HEALTH AND WELLNESS COMPANY,Consumer Discretionary
PLBC,PLUMAS BANCORP,Financials
FTK,FLOTEK INDUSTRIES INC,Materials
FVR,FRONTVIEW REIT INC,Real Estate
PACK,RANPAK HOLDINGS CORP CLASS A,Materials
VTEX,VTEX CLASS A,Information Technology
MBCN,MIDDLEFIELD BANC CORP,Financials
ISTR,INVESTAR HOLDING CORP,Financials
TH,TARGET HOSPITALITY CORP,Consumer Discretionary
OPFI,OPPFI INC CLASS A,Financials
BKKT,BAKKT HOLDINGS INC CLASS A,Financials
CRCT,CRICUT INC CLASS A,Consumer Discretionary
VNDA,VANDA PHARMACEUTICALS INC,Health Care
SPIR,SPIRE GLOBAL INC CLASS A,Industrials
AVIR,ATEA PHARMACEUTICALS INC,Health Care
UIS,UNISYS CORP,Information Technology
FRST,PRIMIS FINANCIAL CORP,Financials
EDIT,EDITAS MEDICINE INC,Health Care
ELDN,ELEDON PHARMACEUTICALS INC,Health Care
AURA,AURA BIOSCIENCES INC,Health Care
DRUG,BRIGHT MINDS BIOSCIENCES INC,Health Care
ACRE,ARES COMMERCIAL REAL ESTATE REIT C,Financials
OMDA,OMADA HEALTH INC,Health Care
MPAA,MOTORCAR PARTS OF AMERICA INC,Consumer Discretionary
EGHT,8X8 INC,Information Technology
ASLE,AERSALE CORP,Industrials
LILA,LIBERTY LATIN AMERICA LTD CLASS A,Communication
CAPR,CAPRICOR THERAPEUTICS INC,Health Care
JMSB,JOHN MARSHALL BANCORP INC,Financials
NPCE,NEUROPACE INC,Health Care
LMNR,LIMONEIRA,Consumer Staples
USNA,USANA HEALTH SCIENCES INC,Consumer Staples
PESI,PERMA FIX ENVIRONMENTAL SERVICES I,Industrials
NFE,NEW FORTRESS ENERGY INC CLASS A,Energy
BKTI,BK TECHNOLOGIES CORP,Information Technology
MEI,METHODE ELECTRONICS INC,Information Technology
MITT,AG MORTGAGE INVESTMENT TRUST REIT,Financials
NATR,NATURES SUNSHINE PRODUCTS INC,Consumer Staples
BNTC,BENITEC BIOPHARMA INC,Health Care
ARCT,ARCTURUS THERAPEUTICS HOLDINGS INC,Health Care
III,INFORMATION SERVICES GROUP INC,Information Technology
REFI,CHICAGO ATLANTIC REAL ESTATE FINAN,Financials
FEIM,FREQUENCY ELECTRONICS INC,Information Technology
AGL,AGILON HEALTH,Health Care
JRVR,JAMES RIVER GROUP HOLDINGS LTD,Financials
CADL,CANDEL THERAPEUTICS INC,Health Care
KRRO,KORRO BIO INC,Health Care
MASS,908 DEVICES INC,Information Technology
QTRX,QUANTERIX CORP,Health Care
FDBC,FIDELITY D AND D BANCORP INC,Financials
JCAP,JEFFERSON CAPITAL INC,Financials
PBYI,PUMA BIOTECHNOLOGY INC,Health Care
CRDA,CRAWFORD CLASS A,Financials
PCYO,PURE CYCLE CORP,Utilities
VMD,VIEMED HEALTHCARE INC,Health Care
OM,OUTSET MEDICAL INC,Health Care
ENTA,ENANTA PHARMACEUTICALS INC,Health Care
LFMD,LIFEMD INC,Health Care
OPRT,OPORTUN FINANCIAL CORP,Financials
ATEX,ANTERIX INC,Communication
HSHP,HIMALAYA SHIPPING LTD,Industrials
ACRS,ACLARIS THERAPEUTICS INC,Health Care
ARQ,ARQ INC,Materials
PLTK,PLAYTIKA HOLDING CORP,Communication
NNOX,NANO X IMAGING LTD,Health Care
HCAT,HEALTH CATALYST INC,Health Care
LXEO,LEXEO THERAPEUTICS INC,Health Care
FBLA,FB BANCORP INC,Financials
KRT,KARAT PACKAGING INC,Industrials
VUZI,VUZIX CORP,Information Technology
DMAC,DIAMEDICA THERAPEUTICS INC,Health Care
EVEX,EVE HOLDING INC,Industrials
JOUT,JOHNSON OUTDOORS INC CLASS A,Consumer Discretionary
SMC,SUMMIT MIDSTREAM CORP,Energy
ATLO,AMES NATIONAL CORP,Financials
ASUR,ASURE SOFTWARE INC,Industrials
ABEO,ABEONA THERAPEUTICS INC,Health Care
NWFL,NORWOOD FINANCIAL CORP,Financials
TBRG,TRUBRIDGE INC,Health Care
RCKY,ROCKY BRANDS INC,Consumer Discretionary
WTI,W AND T OFFSHORE INC,Energy
RICK,RCI HOSPITALITY HOLDINGS INC,Consumer Discretionary
RMNI,RIMINI STREET INC,Information Technology
LCNB,LCNB CORP,Financials
RLGT,RADIANT LOGISTIC INC,Industrials
SNWV,SANUWAVE HEALTH INC,Health Care
VYGR,VOYAGER THERAPEUTICS INC,Health Care
ABL,ABACUS GLOBAL MANAGEMENT INC CLASS,Financials
PVBC,PROVIDENT BANCORP INC,Financials
OVLY,OAK VALLEY BANCORP,Financials
BSVN,BANK7 CORP,Financials
MYFW,FIRST WESTERN FINANCIAL INC,Financials
SGHT,SIGHT SCIENCES INC,Health Care
OSUR,ORASURE TECHNOLOGIES INC,Health Care
INSE,INSPIRED ENTERTAINMENT INC,Consumer Discretionary
SKYH,SKY HARBOUR GROUP CORP CLASS A,Industrials
VEL,VELOCITY FINANCIAL INC,Financials
CFFI,C AND F FINANCIAL CORP,Financials
GETY,GETTY IMAGES HOLDINGS INC CLASS A,Communication
KLC,KINDERCARE LEARNING COMPANIES INC,Consumer Discretionary
INGN,INOGEN INC,Health Care
FVCB,FVCBANKCORP INC,Financials
PKOH,PARK OHIO HOLDINGS CORP,Industrials
VABK,VIRGINIA NATIONAL BANKSHARES CORP,Financials
CHMG,CHEMUNG FINANCIAL CORP,Financials
BELFA,BEL FUSE INC CLASS A,Information Technology
MFIN,MEDALLION FINANCIAL CORP,Financials
IMMR,IMMERSION CORP,Information Technology
USAU,US GOLD CORP,Materials
PAYS,PAYSIGN INC,Financials
TECX,TECTONIC THERAPEUTIC INC,Health Care
USCB,USCB FINANCIAL HOLDINGS INC CLASS,Financials
EVCM,EVERCOMMERCE INC,Information Technology
LFCR,LIFECORE BIOMEDICAL INC,Health Care
LOVE,LOVESAC COMPANY,Consumer Discretionary
LPRO,OPEN LENDING CORP,Financials
TRDA,ENTRADA THERAPEUTICS INC,Health Care
INSG,INSEEGO CORP,Information Technology
TRUE,TRUECAR INC,Communication
CTRN,CITI TRENDS INC,Consumer Discretionary
HUMA,HUMACYTE INC,Health Care
DOUG,DOUGLAS ELLIMAN INC,Real Estate
FUNC,FIRST UNITED CORP,Financials
FC,FRANKLIN COVEY,Industrials
PINE,ALPINE INCOME PROPERTY TRUST INC,Real Estate
CDXS,CODEXIS INC,Health Care
BPRN,PRINCETON BANCORP INC,Financials
PRTH,PRIORITY TECHNOLOGY HOLDINGS INC,Financials
NKSH,NATIONAL BANKSHARES INC,Financials
FENC,FENNEC PHARMACEUTICALS INC,Health Care
LEGH,LEGACY HOUSING CORP,Consumer Discretionary
HRTX,HERON THERAPEUTICS INC,Health Care
LRMR,LARIMAR THERAPEUTICS INC,Health Care
ALCO,ALICO INC,Consumer Staples
LE,LAND END INC,Consumer Discretionary
SEG,SEAPORT ENTERTAINMENT GROUP INC,Real Estate
BRT,BRT APARTMENTS CORP,Real Estate
BIOA,BIOAGE LABS INC,Health Care
ONTF,ON24 INC,Information Technology
NRC,NATIONAL RESEARCH CORP,Health Care
XPOF,XPONENTIAL FITNESS INC CLASS A,Consumer Discretionary
KINS,KINGSTONE COMPANIES INC,Financials
WNEB,WESTERN NEW ENGLAND BANCORP INC,Financials
ONEW,ONEWATER MARINE CLASS A INC,Consumer Discretionary
EB,EVENTBRITE CLASS A INC,Communication
HLLY,HOLLEY INC,Consumer Discretionary
LVWR,LIVEWIRE GROUP INC,Consumer Discretionary
PDYN,PALLADYNE AI CORP,Industrials
TG,TREDEGAR CORP,Materials
QUAD,QUAD GRAPHICS INC CLASS A,Industrials
CTGO,CONTANGO ORE INC,Materials
SLS,SELLAS LIFE SCIENCES GROUP INC,Health Care
INR,INFINITY NATURAL RESOURCES INC CLA,Energy
BLFY,BLUE FOUNDRY BANCORP,Financials
FRAF,FRANKLIN FINANCIAL SERVICES CORP,Financials
TTSH,TILE SHOP HOLDINGS INC,Consumer Discretionary
CHRS,COHERUS ONCOLOGY INC,Health Care
TRAK,REPOSITRAK INC,Information Technology
NPB,NORTHPOINTE BANCSHARES INC,Financials
ALLO,ALLOGENE THERAPEUTICS INC,Health Care
MXCT,MAXCYTE INC,Health Care
TBI,TRUEBLUE INC,Industrials
VOXR,VOX ROYALTY CORP,Materials
DSGN,DESIGN THERAPEUTICS INC,Health Care
JAKK,JAKKS PACIFIC INC,Consumer Discretionary
GCBC,GREENE COUNTY BANCORP INC,Financials
ALTI,ALTI GLOBAL INC CLASS A,Financials
CRMT,AMERICAS CAR MART INC,Consumer Discretionary
PAL,PROFICIENT AUTO LOGISTICS INC,Industrials
ELMD,ELECTROMED INC,Health Care
PLX,PROTALIX BIOTHERAPEUTICS INC,Health Care
STXS,STEREOTAXIS INC,Health Care
WEYS,WEYCO GROUP INC,Consumer Discretionary
CVRX,CVRX INC,Health Care
BHR,BRAEMAR HOTELS RESORTS INC,Real Estate
ALMU,AELUMA INC,Information Technology
LAW,CS DISCO INC,Information Technology
SKIN,BEAUTY HEALTH COMPANY CLASS A CLAS,Consumer Staples
MG,MISTRAS GROUP INC,Industrials
RGP,RESOURCES CONNECTION INC,Industrials
TTGT,TECHTARGET INC,Communication
NC,NACCO INDUSTRIES INC CLASS A,Energy
TNXP,TONIX PHARMACEUTICALS HOLDING CORP,Health Care
AIRS,AIRSCULPT TECHNOLOGIES INC,Health Care
BOOM,DMC GLOBAL INC,Energy
TARA,PROTARA THERAPEUTICS INC,Health Care
CMT,CORE MOLDING TECHNOLOGIES INC,Materials
RGCO,RGC RESOURCES INC,Utilities
WEST,WESTROCK COFFEE,Consumer Staples
INBK,FIRST INTERNET BANCORP,Financials
DMRC,DIGIMARC CORP,Information Technology
SMHI,SEACOR MARINE HOLDINGS INC,Energy
PBFS,PIONEER BANCORP INC,Financials
PEBK,PEOPLES BANCORP OF NORTH CAROLINA,Financials
PANL,PANGAEA LOGISTICS SOLUTIONS LTD,Industrials
RMAX,RE MAX HOLDINGS INC CLASS A,Real Estate
RSVR,RESERVOIR MEDIA INC,Communication
AII,AMERICAN INTEGRITY INSURANCE GROUP,Financials
OABI,OMNIAB INC,Health Care
KRMD,KORU MEDICAL SYSTEMS INC,Health Care
BNED,BARNES AND NOBLE EDUCATION INC,Consumer Discretionary
SEVN,SEVEN HILLS REALTY TRUST,Financials
POWW,OUTDOOR HOLDING,Consumer Discretionary
CATX,PERSPECTIVE THERAPEUTICS INC,Health Care
LAKE,LAKELAND INDUSTRIES INC,Consumer Discretionary
OLPX,OLAPLEX HOLDINGS INC,Consumer Staples
ATNI,ATN INTERNATIONAL INC,Communication
SSP,EW SCRIPPS CLASS A,Communication
BBCP,CONCRETE PUMPING HOLDINGS INC,Industrials
FCCO,FIRST COMMUNITY CORP,Financials
ARAY,ACCURAY INC,Health Care
SAMG,SILVERCREST ASSET MANAGEMENT GROUP,Financials
CRDF,CARDIFF ONCOLOGY INC,Health Care
OPBK,OP BANCORP,Financials
MDWD,MEDIWOUND LTD,Health Care
CURI,CURIOSITYSTREAM INC CLASS A,Communication
EHTH,EHEALTH INC,Financials
EVI,EVI INDUSTRIES INC,Industrials
SNDA,SONIDA SENIOR LIVING INC,Health Care
KLTR,KALTURA INC,Information Technology
MED,MEDIFAST INC,Consumer Staples
KGEI,KOLIBRI GLOBAL ENERGY INC,Energy
UTMD,UTAH MEDICAL PRODUCTS INC,Health Care
LNKB,LINKBANCORP INC,Financials
BCBP,BCB BANCORP INC,Financials
TCX,TUCOWS INC,Information Technology
MPTI,M TRON INDUSTRIES INC,Information Technology
ESOA,ENERGY SERVICES OF AMERICA CORP,Energy
STRZ,STARZ ENTERTAINMENT CORP,Communication
AMBQ,AMBIQ MICRO INC,Information Technology
FLXS,FLEXSTEEL INDUSTRIES INC,Consumer Discretionary
FATE,FATE THERAPEUTICS INC,Health Care
ACR,ACRES COMMERCIAL REALTY CORP,Financials
RXT,RACKSPACE TECHNOLOGY INC,Information Technology
FXNC,FIRST NATIONAL CORP,Financials
RELL,RICHARDSON ELECTRONICS LTD,Information Technology
MRBK,MERIDIAN CORP,Financials
AVR,ANTERIS TECHNOLOGIES GLOBAL CORP,Health Care
BALY,BALLY S CORP,Consumer Discretionary
NPWR,NET POWER INC CLASS A,Industrials
LWAY,LIFEWAY FOODS INC,Consumer Staples
ANIK,ANIKA THERAPEUTICS INC,Health Care
NREF,NEXPOINT REAL ESTATE FINANCE INC,Financials
SMID,SMITH MIDLAND CORP,Materials
HWBK,HAWTHORN BANCSHARES INC,Financials
DBI,DESIGNER BRANDS INC CLASS A,Consumer Discretionary
EVC,ENTRAVISION COMMUNICATIONS CORP CL,Communication
DSP,VIANT TECHNOLOGY INC CLASS A,Information Technology
GENC,GENCOR INDUSTRIES INC,Industrials
EPM,EVOLUTION PETROLEUM CORP,Energy
ALTG,ALTA EQUIPMENT GROUP INC CLASS A,Industrials
SATL,SATELLOGIC INC CLASS A,Industrials
LZM,LIFEZONE METALS LTD,Materials
AVD,AMER VANGUARD CORP,Materials
ADV,ADVANTAGE SOLUTIONS INC CLASS A,Communication
FINW,FINWISE BANCORP,Financials
HPK,HIGHPEAK ENERGY INC,Energy
AEYE,AUDIOEYE INC,Information Technology
NXDT,NEXPOINT DIVERSIFIED REAL ESTATE T,Real Estate
BRCC,BRC INC CLASS A,Consumer Staples
AOMR,ANGEL OAK MORTGAGE REIT INC,Financials
MNTK,MONTAUK RENEWABLES INC,Utilities
KULR,KULR TECHNOLOGY GROUP INC,Industrials
EFSI,EAGLE FINANCIAL SERVICES INC,Financials
BVFL,BV FINANCIAL INC,Financials
GAMB,GAMBLING COM GROUP LTD,Communication
FRD,FRIEDMAN INDUSTRIES INC,Materials
FSFG,FIRST SAVINGS FINANCIAL GROUP INC,Financials
ASIC,ATEGRITY SPECIALTY INSURANCE COMPA,Financials
EWCZ,EUROPEAN WAX CENTER INC CLASS A,Consumer Discretionary
LNSR,LENSAR INC,Health Care
FHTX,FOGHORN THERAPEUTICS INC,Health Care
STRS,STRATUS PROPERTIES INC,Real Estate
ESCA,ESCALADE INC,Consumer Discretionary
FFAI,FARADAY FUTURE INTELLIGENT ELECTRI,Consumer Discretionary
CMDB,COSTAMARE BULKERS HOLDINGS LTD,Industrials
STIM,NEURONETICS INC,Health Care
JILL,J JILL INC,Consumer Discretionary
SGC,SUPERIOR GROUP OF COMPANIES INC,Consumer Discretionary
OVBC,OHIO VALLEY BANC CORP,Financials
FNKO,FUNKO INC CLASS A,Consumer Discretionary
EML,EASTERN,Industrials
MDV,MODIV INDUSTRIAL INC CLASS C,Real Estate
SNBR,SLEEP NUMBER CORP,Consumer Discretionary
MLP,MAUI LAND AND PINEAPPLE INC,Real Estate
FSP,FRANKLIN STREET PROPERTIES REIT CO,Real Estate
CBFV,CB FINANCIAL SERVICES INC,Financials
AIRO,AIRO GROUP HOLDINGS INC,Industrials
NMAX,NEWSMAX INC CLASS B,Communication
FOA,FINANCE OF AMERICA COMPANIES INC C,Financials
JYNT,JOINT CORP,Health Care
HBB,HAMILTON BEACH BRANDS HOLDING COMP,Consumer Discretionary
ULH,UNIVERSAL LOGISTICS HOLDINGS INC,Other
DH,DEFINITIVE HEALTHCARE CORP CLASS A,Health Care
ACTG,ACACIA RESEARCH CORP,Financials
NODK,NI HOLDINGS INC,Financials
KRO,KRONOS WORLDWIDE INC,Materials
FCAP,FIRST CAPITAL INC,Financials
MNSB,MAINSTREET BANCSHARES INC,Financials
DERM,JOURNEY MEDICAL CORP,Health Care
BYND,BEYOND MEAT INC,Consumer Staples
RCMT,RCM TECHNOLOGIES INC,Industrials
SPWR,SUNPOWER INC,Industrials
HAIN,HAIN CELESTIAL GROUP INC,Consumer Staples
AIRJ,AIRJOULE TECHNOLOGIES CORP CLASS A,Industrials
CZWI,CITIZENS COMMUNITY BANCORP INC,Financials
SNFCA,SECURITY NATIONAL FINANCIAL CORP C,Financials
SUNS,SUNRISE REALTY TRUST INC,Financials
ACU,ACME UNITED CORP,Health Care
DCGO,DOCGO INC,Health Care
FF,FUTUREFUEL CORP,Energy
GWRS,GLOBAL WATER RESOURCES INC,Utilities
ALEC,ALECTOR INC,Health Care
EXFY,EXPENSIFY INC CLASS A,Information Technology
SBFG,SB FINANCIAL GROUP INC,Financials
SRBK,SR BANCORP INC,Financials
FORR,FORRESTER RESEARCH INC,Industrials
SMTI,SANARA MEDTECH INC,Health Care
CLAR,CLARUS CORP,Consumer Discretionary
NKTX,NKARTA INC,Health Care
MAPS,WM TECHNOLOGY INC CLASS A,Information Technology
AISP,AIRSHIP AI HOLDINGS INC CLASS A,Information Technology
EBMT,EAGLE BANCORP MONTANA INC,Financials
HFFG,HF FOODS GROUP INC,Consumer Staples
ATOM,ATOMERA INC,Information Technology
CXDO,CREXENDO INC,Information Technology
INNV,INNOVAGE HOLDING CORP,Health Care
SKYX,SKYX PLATFORMS CORP,Industrials
SSTI,SOUNDTHINKING INC,Information Technology
BSET,BASSETT FURNITURE INDUSTRIES INC,Consumer Discretionary
PMTS,CPI CARD GROUP INC,Information Technology
OFLX,OMEGA FLEX INC,Industrials
LARK,LANDMARK BANCORP INC,Financials
BTMD,BIOTE CORP CLASS A,Health Care
BARK,BARK INC CLASS A,Consumer Discretionary
FNWD,FINWARD BANCORP,Financials
RNAC,CARTESIAN THERAPEUTICS INC,Health Care
STRW,STRAWBERRY FIELDS REIT INC,Real Estate
PDEX,PRO DEX INC,Health Care
RVSB,RIVERVIEW BANCORP INC,Financials
FLWS,1-800 FLOWERS.COM INC CLASS A,Consumer Discretionary
VIRC,VIRCO MANUFACTURING CORP,Industrials
WHG,WESTWOOD HOLDINGS GROUP INC,Financials
ZVIA,ZEVIA CLASS A,Consumer Staples
CPSS,CONSUMER PORTFOLIO SERVICES INC,Financials
NVCT,NUVECTIS PHARMA INC,Health Care
GYRE,GYRE THERAPEUTICS INC,Health Care
ACNT,ASCENT INDUSTRIES,Materials
ATYR,ATYR PHARMA INC,Health Care
IKT,INHIBIKASE THERAPEUTICS INC,Health Care
EPSN,EPSILON ENERGY LTD,Energy
RMBI,RICHMOND MUTUAL BANCORPORATION INC,Financials
LFVN,LIFEVANTAGE CORP,Consumer Staples
CFBK,CF BANKSHARES INC,Financials
MYPS,PLAYSTUDIOS INC CLASS A,Communication
AOUT,AMERICAN OUTDOOR BRANDS INC,Consumer Discretionary
LUCD,LUCID DIAGNOSTICS INC,Health Care
CSPI,CSP INC,Information Technology
TTEC,TTEC HOLDINGS INC,Industrials
HNVR,HANOVER BANCORP INC,Financials
TCI,TRANSCONTINENTAL REALTY INVESTORS,Real Estate
BFIN,BANKFINANCIAL CORP,Financials
ACDC,PROFRAC HOLDING CLASS A CORP,Energy
WALD,WALDENCAST PLC CLASS A,Consumer Staples
GAIA,GAIA INC CLASS A,Communication
LUNG,PULMONX CORP,Health Care
PAMT,PAMT CORP,Industrials
RPT,RITHM PROPERTY INC TRUST,Financials
AREN,ARENA GROUP HLDGS INC,Communication
EEX,EMERALD HOLDING INC,Communication
LAZR,LUMINAR TECHNOLOGIES INC CLASS A,Consumer Discretionary
MPX,MARINE PRODUCTS CORP,Consumer Discretionary
TLSI,TRISALUS LF SC CM A,Health Care
NRDY,NERDY INC CLASS A,Consumer Discretionary
ECBK,ECB BANCORP INC,Financials
AFCG,ADVANCED FLOWER CAPITAL INC,Financials
SFBC,SOUND FINANCIAL BANCORP INC,Financials
CARL,CARLSMED INC,Health Care
KG,KESTREL GROUP LTD,Financials
PNBK,PATRIOT NATIONAL BANCORP INC,Financials
UNB,UNION BANKSHARES INC,Financials
FTLF,FITLIFE BRANDS INC,Consumer Staples
INH,INHIBRX INC CVR,Health Care
SNCR,SYNCHRONOSS TECHNOLOGIES INC,Information Technology
HURA,TUHURA BIOSCIENCES INC,Health Care
ILLR,TRILLER GROUP INC,Financials
TEAD,TEADS HOLDING,Communication
GLSI,GREENWICH LIFESCIENCES INC,Health Care
RCEL,AVITA MEDICAL INC,Health Care
SKIL,SKILLSOFT CORP CLASS A,Industrials
CBNA,CHAIN BRIDGE BANCORP INC CLASS A,Financials
CLPR,CLIPPER REALTY INC,Real Estate
TKNO,ALPHA TEKNOVA INC,Health Care
AARD,AARDVARK THERAPEUTICS INC,Health Care
PNRG,PRIMEENERGY RESOURCES CORP,Energy
NL,NL INDUSTRIES INC,Industrials
UBFO,UNITED SECURITY BANCSHARES,Financials
SEAT,VIVID SEATS INC CLASS A,Communication
TSE,TRINSEO PLC,Materials
SLSN,SOLESENCE INC,Materials
COSO,COASTALSOUTH BANCSHARES INC,Financials
LFT,LUMENT FINANCE TRUST INC,Financials
TUSK,MAMMOTH ENERGY SERVICES INC,Energy
SVCO,SILVACO GROUP INC,Information Technology
EP,EMPIRE PETROLEUM CORP,Energy
SI,SHOULDER INNOVATIONS INC,Health Care
TZOO,TRAVELZOO,Communication
CURV,TORRID HOLDINGS INC,Consumer Discretionary
PROP,PRAIRIE OPERATING,Energy
SWKH,SWK HOLDINGS CORP,Financials
HQI,HIREQUEST INC,Industrials
ELA,ENVELA CORP,Consumer Discretionary
MKTW,MARKETWISE INC CLASS A,Financials
SLND,SOUTHLAND HOLDINGS INC,Industrials
VHI,VALHI INC,Materials
OPAL,OPAL FUELS INC CLASS A,Energy
NXXT,NEXTNRG INC,Energy
SIEB,SIEBERT FINANCIAL CORP,Financials
ACTU,ACTUATE THERAPEUTICS INC,Health Care
NEON,NEONODE INC,Information Technology
VALU,VALUE LINE INC,Financials
ISPR,ISPIRE TECHNOLOGY INC,Consumer Staples
COOK,TRAEGER INC,Consumer Discretionary
INMB,INMUNE BIO INC,Health Care
TVRD,TVARDI THERAPEUTICS INC,Health Care
BEEP,MOBILE INFRASTRUCTURE CORP,Industrials
CIX,COMPX INTERNATIONAL INC CLASS A,Industrials
MYO,MYOMO INC,Health Care
RBKB,RHINEBECK BANCORP INC,Financials
ARL,AMERICAN REALTY INVESTORS INC,Real Estate
SBC,SBC MEDICAL GROUP HOLDINGS INC,Health Care
AFRI,FORAFRIC GLOBAL PLC,Consumer Staples
GOCO,GOHEALTH INC CLASS A,Financials
SAFX,XCF GLOBAL INC CLASS A,Energy
VRM,VROOM INC,Financials
GMGI,GOLDEN MATRIX GROUP INC,Communication
TVGN,TEVOGEN BIO HOLDINGS INC,Health Care
VGAS,VERDE CLEAN FUELS INC CLASS A,Energy
ADRO,CHINOOK THERAPEUTICS INC,Health Care
ADRO,CHINOOK THERAPEUTICS INC CVR,Health Care
-,PULSE BIOSCIENCE INC WARRANTS,Health Care
ZSPC,ZSPACE,Consumer Discretionary
THRD,THIRD HARMONIC BIO INC,Health Care
CAD,CAD CASH,Cash and/or Derivatives
PDLI,PDL BIOPHARMA INC,Health Care
GTXI,GTXI INC - CVR,Health Care
P5N994,Petrocorp Inc Escrow,Energy
SBT,STERLING BANCORP INC,Financials
